issue_id,file_id,lang,comment_ratio_hula,cyclomatic_complexity_hula,fanout_external_hula,fanout_internal_hula,halstead_bugprop_hula,halstead_difficulty_hula,halstead_effort_hula,halstead_timerequired_hula,halstead_volume_hula,loc_hula,maintainability_index_hula,operands_sum_hula,operands_uniq_hula,operators_sum_hula,operators_uniq_hula,pylint_hula,tiobe_hula,tiobe_compiler_hula,tiobe_complexity_hula,tiobe_coverage_hula,tiobe_duplication_hula,tiobe_fanout_hula,tiobe_functional_hula,tiobe_security_hula,tiobe_standard_hula,halstead_vocabulary_hula,comment_ratio_human,cyclomatic_complexity_human,fanout_external_human,fanout_internal_human,halstead_bugprop_human,halstead_difficulty_human,halstead_effort_human,halstead_timerequired_human,halstead_volume_human,loc_human,maintainability_index_human,operands_sum_human,operands_uniq_human,operators_sum_human,operators_uniq_human,pylint_human,tiobe_human,tiobe_compiler_human,tiobe_complexity_human,tiobe_coverage_human,tiobe_duplication_human,tiobe_fanout_human,tiobe_functional_human,tiobe_security_human,tiobe_standard_human,halstead_vocabulary_human
0,0_2.kts,Kotlin,4.531,4.0,8.0,0.0,3.192,23.06,220824.149,12268.008,9576.0,229.0,20.108,741.0,241.0,456.0,15.0,100.0,93.807,100.0,58.716,100.0,100.0,100.0,100.0,100.0,100.0,256.0,4.925,4.0,8.0,0.0,2.825,22.637,191879.761,10659.987,8476.383,214.0,21.121,661.0,219.0,416.0,15.0,100.0,93.807,100.0,58.716,100.0,100.0,100.0,100.0,100.0,100.0,234.0
1,1_1.kt,Kotlin,4.115,1.0,25.0,0.0,0.799,30.857,73926.567,4107.031,2395.768,92.0,33.365,160.0,70.0,203.0,27.0,100.0,98.5,100.0,100.0,100.0,100.0,70.0,100.0,100.0,100.0,97.0,2.02,0.0,26.0,0.0,0.943,40.079,113411.932,6300.663,2829.74,106.0,31.651,181.0,70.0,244.0,31.0,100.0,98.169,100.0,98.462,100.0,100.0,68.0,100.0,100.0,100.0,101.0
2,2_1.java,Java,19.068,2.0,1.0,0.0,0.124,17.0,6312.691,350.705,371.335,22.0,52.454,34.0,13.0,45.0,13.0,100.0,99.328,100.0,95.522,100.0,100.0,100.0,100.0,100.0,100.0,26.0,37.241,1.0,1.0,0.0,0.041,11.917,1461.268,81.182,122.624,9.0,64.425,13.0,6.0,17.0,11.0,100.0,100.0,100.0,100.0,100.0,100.0,100.0,100.0,100.0,100.0,17.0
10,10_1.scala,Scala,2.174,4.0,0.0,0.0,1.659,36.918,183714.741,10206.374,4976.267,116.0,28.542,262.0,110.0,435.0,31.0,100.0,93.807,100.0,58.716,100.0,100.0,100.0,100.0,100.0,100.0,141.0,1.644,5.0,0.0,0.0,1.331,36.337,145046.059,8058.114,3991.682,81.0,32.481,231.0,89.0,350.0,28.0,100.0,91.0,100.0,40.0,100.0,100.0,100.0,100.0,100.0,100.0,117.0
15,15_1.ts,TypeScript,4.642,2.0,14.0,4.0,5.082,42.5,647906.909,35994.828,15244.868,319.0,15.823,680.0,144.0,1397.0,18.0,100.0,97.328,100.0,95.522,100.0,100.0,60.0,100.0,100.0,100.0,162.0,4.072,2.0,14.0,4.0,4.373,40.8,535287.267,29738.182,13119.786,272.0,17.79,600.0,125.0,1235.0,17.0,100.0,97.328,100.0,95.522,100.0,100.0,60.0,100.0,100.0,100.0,142.0
18,18_2.kt,Kotlin,0.0,2.0,26.0,0.0,0.871,24.823,64834.188,3601.899,2611.842,86.0,33.606,177.0,82.0,212.0,23.0,100.0,97.728,100.0,95.522,100.0,100.0,68.0,100.0,100.0,100.0,105.0,0.0,2.0,26.0,0.0,0.593,18.141,32292.391,1794.022,1780.115,72.0,36.456,129.0,64.0,151.0,18.0,100.0,97.728,100.0,95.522,100.0,100.0,68.0,100.0,100.0,100.0,82.0
18,18_4.kt,Kotlin,0.0,1.0,1.0,0.0,0.064,6.577,1261.162,70.065,191.756,13.0,59.582,19.0,13.0,24.0,9.0,100.0,100.0,100.0,100.0,100.0,100.0,100.0,100.0,100.0,100.0,22.0,0.0,2.0,4.0,0.0,0.144,14.0,6045.289,335.849,431.806,16.0,55.012,42.0,18.0,46.0,12.0,100.0,99.328,100.0,95.522,100.0,100.0,100.0,100.0,100.0,100.0,30.0
18,18_5.kt,Kotlin,0.0,2.0,3.0,0.0,0.232,26.4,18365.558,1020.309,695.665,38.0,45.367,72.0,15.0,76.0,11.0,100.0,99.328,100.0,95.522,100.0,100.0,100.0,100.0,100.0,100.0,26.0,1.034,2.0,3.0,0.0,0.117,11.306,3954.397,219.689,349.775,21.0,53.077,37.0,18.0,35.0,11.0,100.0,99.328,100.0,95.522,100.0,100.0,100.0,100.0,100.0,100.0,29.0
20,20_2.ts,TypeScript,0.906,30.0,15.0,1.0,3.316,32.003,318403.217,17689.068,9949.164,311.0,13.595,425.0,166.0,888.0,25.0,100.0,84.137,100.0,0.245,100.0,100.0,82.0,100.0,100.0,100.0,191.0,0.915,30.0,15.0,1.0,3.198,32.547,312210.077,17345.004,9592.541,308.0,13.798,414.0,159.0,861.0,25.0,100.0,84.137,100.0,0.245,100.0,100.0,82.0,100.0,100.0,100.0,184.0
22,22_1.ts,TypeScript,2.403,5.0,5.0,3.0,0.67,26.093,52485.356,2915.853,2011.471,70.0,35.947,102.0,43.0,232.0,22.0,100.0,90.3,100.0,40.0,100.0,100.0,86.0,100.0,100.0,100.0,65.0,0.0,2.0,0.0,0.0,0.002,0.5,2.377,0.132,4.755,1.0,94.99,2.0,2.0,0.0,0.0,100.0,99.328,100.0,95.522,100.0,100.0,100.0,100.0,100.0,100.0,2.0
22,22_2.ts,TypeScript,0.0,3.0,6.0,7.0,1.137,22.494,76729.149,4262.73,3411.056,104.0,30.86,206.0,87.0,301.0,19.0,100.0,94.6,100.0,80.0,100.0,100.0,52.0,100.0,100.0,100.0,106.0,0.0,2.0,0.0,0.0,0.002,0.5,2.377,0.132,4.755,1.0,94.99,2.0,2.0,0.0,0.0,100.0,99.328,100.0,95.522,100.0,100.0,100.0,100.0,100.0,100.0,2.0
22,22_3.ts,TypeScript,0.0,2.0,3.0,3.0,0.706,20.202,42790.528,2377.252,2118.174,48.0,39.768,167.0,62.0,171.0,15.0,100.0,98.828,100.0,95.522,100.0,100.0,90.0,100.0,100.0,100.0,77.0,0.0,2.0,0.0,0.0,0.002,0.5,2.377,0.132,4.755,1.0,94.99,2.0,2.0,0.0,0.0,100.0,99.328,100.0,95.522,100.0,100.0,100.0,100.0,100.0,100.0,2.0
22,22_4.ts,TypeScript,2.636,4.0,4.0,2.0,0.72,20.403,44083.277,2449.071,2160.603,63.0,36.863,115.0,62.0,223.0,22.0,100.0,93.607,100.0,58.716,100.0,100.0,96.0,100.0,100.0,100.0,84.0,0.0,2.0,0.0,0.0,0.002,0.5,2.377,0.132,4.755,1.0,94.99,2.0,2.0,0.0,0.0,100.0,99.328,100.0,95.522,100.0,100.0,100.0,100.0,100.0,100.0,2.0
22,22_5.ts,TypeScript,1.995,6.0,7.0,3.0,0.786,19.866,46826.705,2601.484,2357.167,82.0,33.832,121.0,67.0,243.0,22.0,100.0,88.117,100.0,26.778,100.0,100.0,82.0,100.0,100.0,100.0,89.0,0.0,2.0,0.0,0.0,0.002,0.5,2.377,0.132,4.755,1.0,94.99,2.0,2.0,0.0,0.0,100.0,99.328,100.0,95.522,100.0,100.0,100.0,100.0,100.0,100.0,2.0
22,22_6.ts,TypeScript,1.063,9.0,8.0,2.0,1.518,33.679,153357.614,8519.867,4553.507,152.0,25.579,248.0,81.0,433.0,22.0,100.0,85.764,100.0,9.091,100.0,100.0,88.0,100.0,100.0,100.0,103.0,0.0,2.0,0.0,0.0,0.002,0.5,2.377,0.132,4.755,1.0,94.99,2.0,2.0,0.0,0.0,100.0,99.328,100.0,95.522,100.0,100.0,100.0,100.0,100.0,100.0,2.0
22,22_7.ts,TypeScript,0.0,5.0,7.0,2.0,0.939,25.941,73106.873,4061.493,2818.179,97.0,31.831,147.0,68.0,285.0,24.0,100.0,90.5,100.0,40.0,100.0,100.0,90.0,100.0,100.0,100.0,92.0,0.0,2.0,0.0,0.0,0.002,0.5,2.377,0.132,4.755,1.0,94.99,2.0,2.0,0.0,0.0,100.0,99.328,100.0,95.522,100.0,100.0,100.0,100.0,100.0,100.0,2.0
22,22_8.ts,TypeScript,1.5,8.0,7.0,5.0,0.849,21.864,55682.684,3093.482,2546.727,103.0,31.167,129.0,59.0,275.0,20.0,100.0,85.201,100.0,12.673,100.0,100.0,66.0,100.0,100.0,100.0,79.0,0.0,2.0,0.0,0.0,0.002,0.5,2.377,0.132,4.755,1.0,94.99,2.0,2.0,0.0,0.0,100.0,99.328,100.0,95.522,100.0,100.0,100.0,100.0,100.0,100.0,2.0
22,22_9.ts,TypeScript,0.0,8.0,6.0,2.0,0.887,13.879,36936.296,2052.016,2661.403,85.0,32.853,198.0,107.0,186.0,15.0,100.0,86.501,100.0,12.673,100.0,100.0,92.0,100.0,100.0,100.0,122.0,0.0,2.0,0.0,0.0,0.002,0.5,2.377,0.132,4.755,1.0,94.99,2.0,2.0,0.0,0.0,100.0,99.328,100.0,95.522,100.0,100.0,100.0,100.0,100.0,100.0,2.0
22,22_10.ts,TypeScript,0.0,3.0,9.0,2.0,1.036,23.406,72721.498,4040.083,3106.987,116.0,30.109,170.0,69.0,311.0,19.0,100.0,96.3,100.0,80.0,100.0,100.0,86.0,100.0,100.0,100.0,88.0,0.0,2.0,0.0,0.0,0.002,0.5,2.377,0.132,4.755,1.0,94.99,2.0,2.0,0.0,0.0,100.0,99.328,100.0,95.522,100.0,100.0,100.0,100.0,100.0,100.0,2.0
24,24_1.java,Java,8.267,21.0,21.0,0.0,1.594,32.381,154800.246,8600.014,4780.596,110.0,26.881,320.0,84.0,398.0,17.0,100.0,84.008,100.0,0.722,100.0,100.0,78.0,100.0,100.0,100.0,101.0,9.163,19.0,21.0,0.0,1.386,30.622,127347.428,7074.857,4158.719,101.0,28.382,281.0,78.0,352.0,17.0,100.0,84.047,100.0,0.978,100.0,100.0,78.0,100.0,100.0,100.0,95.0
31,31_1.ts,TypeScript,8.439,15.0,16.0,1.0,2.769,27.544,228837.689,12713.205,8308.153,237.0,18.735,339.0,160.0,763.0,26.0,100.0,84.3,100.0,2.0,100.0,100.0,80.0,100.0,100.0,100.0,186.0,6.929,16.0,16.0,1.0,2.748,26.582,219163.515,12175.751,8244.723,234.0,18.745,336.0,158.0,761.0,25.0,100.0,84.247,100.0,1.646,100.0,100.0,80.0,100.0,100.0,100.0,183.0
31,31_1.ts,TypeScript,8.439,15.0,16.0,1.0,2.769,27.544,228837.689,12713.205,8308.153,237.0,18.735,339.0,160.0,763.0,26.0,100.0,84.3,100.0,2.0,100.0,100.0,80.0,100.0,100.0,100.0,186.0,0.0,2.0,0.0,0.0,0.002,0.5,2.377,0.132,4.755,1.0,94.99,2.0,2.0,0.0,0.0,100.0,99.328,100.0,95.522,100.0,100.0,100.0,100.0,100.0,100.0,2.0
33,33_2.go,Go,12.721,3.0,2.0,0.0,0.909,24.508,66810.995,3711.722,2726.052,111.0,30.924,173.0,60.0,262.0,17.0,100.0,97.0,100.0,80.0,100.0,100.0,100.0,100.0,100.0,100.0,77.0,12.895,2.0,2.0,0.0,0.896,24.083,64746.872,3597.048,2688.451,110.0,31.187,170.0,60.0,259.0,17.0,100.0,99.328,100.0,95.522,100.0,100.0,100.0,100.0,100.0,100.0,77.0
36,36_1.kt,Kotlin,4.111,3.0,19.0,0.0,0.389,14.943,17460.641,970.036,1168.452,66.0,38.426,88.0,53.0,102.0,18.0,100.0,96.1,100.0,80.0,100.0,100.0,82.0,100.0,100.0,100.0,71.0,2.01,2.0,19.0,0.0,0.797,22.012,52654.074,2925.226,2392.057,82.0,34.325,174.0,83.0,183.0,21.0,100.0,98.428,100.0,95.522,100.0,100.0,82.0,100.0,100.0,100.0,104.0
36,36_2.kt,Kotlin,0.0,1.0,21.0,0.0,0.668,21.878,43874.301,2437.461,2005.448,68.0,36.769,134.0,49.0,199.0,16.0,100.0,98.9,100.0,100.0,100.0,100.0,78.0,100.0,100.0,100.0,65.0,0.0,4.0,21.0,0.0,3.774,81.27,920084.594,51115.811,11321.263,182.0,21.775,661.0,122.0,901.0,30.0,100.0,92.707,100.0,58.716,100.0,100.0,78.0,100.0,100.0,100.0,152.0
38,38_1.java,Java,17.36,33.0,27.0,0.0,5.671,58.908,1002221.715,55678.984,17013.277,319.0,11.32,871.0,207.0,1289.0,28.0,100.0,83.328,100.0,0.183,100.0,100.0,66.0,100.0,100.0,100.0,235.0,17.99,31.0,27.0,0.0,5.397,58.03,939539.57,52196.643,16190.584,309.0,12.041,829.0,200.0,1238.0,28.0,100.0,83.333,100.0,0.222,100.0,100.0,66.0,100.0,100.0,100.0,228.0
42,42_1.java,Java,6.914,1.0,5.0,0.0,0.204,21.0,12880.588,715.588,613.361,32.0,47.513,42.0,15.0,83.0,15.0,100.0,100.0,100.0,100.0,100.0,100.0,100.0,100.0,100.0,100.0,30.0,0.0,1.0,5.0,0.0,0.971,29.746,86680.811,4815.601,2914.056,65.0,36.06,195.0,59.0,270.0,18.0,100.0,100.0,100.0,100.0,100.0,100.0,100.0,100.0,100.0,100.0,77.0
47,47_1.ts,TypeScript,0.0,1.0,7.0,0.0,0.934,34.23,95933.275,5329.626,2802.63,144.0,28.643,149.0,37.0,338.0,17.0,100.0,100.0,100.0,100.0,100.0,100.0,100.0,100.0,100.0,100.0,54.0,0.0,2.0,0.0,0.0,0.002,0.5,2.377,0.132,4.755,1.0,94.99,2.0,2.0,0.0,0.0,100.0,99.328,100.0,95.522,100.0,100.0,100.0,100.0,100.0,100.0,2.0
47,47_1.ts,TypeScript,0.0,1.0,7.0,0.0,0.934,34.23,95933.275,5329.626,2802.63,144.0,28.643,149.0,37.0,338.0,17.0,100.0,100.0,100.0,100.0,100.0,100.0,100.0,100.0,100.0,100.0,54.0,0.0,2.0,0.0,0.0,0.002,0.5,2.377,0.132,4.755,1.0,94.99,2.0,2.0,0.0,0.0,100.0,99.328,100.0,95.522,100.0,100.0,100.0,100.0,100.0,100.0,2.0
47,47_1.ts,TypeScript,0.0,1.0,7.0,0.0,0.934,34.23,95933.275,5329.626,2802.63,144.0,28.643,149.0,37.0,338.0,17.0,100.0,100.0,100.0,100.0,100.0,100.0,100.0,100.0,100.0,100.0,54.0,0.0,2.0,0.0,0.0,0.002,0.5,2.377,0.132,4.755,1.0,94.99,2.0,2.0,0.0,0.0,100.0,99.328,100.0,95.522,100.0,100.0,100.0,100.0,100.0,100.0,2.0
47,47_1.ts,TypeScript,0.0,1.0,7.0,0.0,0.934,34.23,95933.275,5329.626,2802.63,144.0,28.643,149.0,37.0,338.0,17.0,100.0,100.0,100.0,100.0,100.0,100.0,100.0,100.0,100.0,100.0,54.0,0.0,2.0,0.0,0.0,0.002,0.5,2.377,0.132,4.755,1.0,94.99,2.0,2.0,0.0,0.0,100.0,99.328,100.0,95.522,100.0,100.0,100.0,100.0,100.0,100.0,2.0
47,47_2.ts,TypeScript,0.0,0.0,11.0,3.0,1.037,23.371,72707.53,4039.307,3111.019,125.0,29.801,138.0,62.0,350.0,21.0,100.0,98.469,100.0,98.462,100.0,100.0,74.0,100.0,100.0,100.0,83.0,0.0,4.0,11.0,3.0,0.98,24.129,70950.599,3941.7,2940.466,107.0,30.907,136.0,62.0,324.0,22.0,100.0,92.507,100.0,58.716,100.0,100.0,74.0,100.0,100.0,100.0,84.0
48,48_1.java,Java,2.435,0.0,28.0,0.0,1.724,39.68,205168.645,11398.258,5170.55,95.0,30.856,273.0,86.0,488.0,25.0,100.0,97.969,100.0,98.462,100.0,100.0,64.0,100.0,100.0,100.0,111.0,2.422,0.0,28.0,0.0,1.724,39.68,205168.645,11398.258,5170.55,95.0,30.856,273.0,86.0,488.0,25.0,100.0,97.969,100.0,98.462,100.0,100.0,64.0,100.0,100.0,100.0,111.0
59,59_1.kt,Kotlin,0.903,7.0,18.0,0.0,1.991,39.504,235914.575,13106.365,5971.969,124.0,26.952,328.0,137.0,478.0,33.0,100.0,86.927,100.0,18.182,100.0,100.0,84.0,100.0,100.0,100.0,170.0,0.0,8.0,16.0,0.0,1.799,36.858,198942.278,11052.349,5397.494,113.0,28.005,302.0,127.0,437.0,31.0,100.0,86.301,100.0,12.673,100.0,100.0,88.0,100.0,100.0,100.0,158.0
59,59_2.kt,Kotlin,0.932,9.0,46.0,0.0,5.635,56.454,954384.048,53021.336,16905.606,270.0,16.147,938.0,324.0,1050.0,39.0,100.0,82.764,100.0,9.091,100.0,100.0,28.0,100.0,100.0,100.0,363.0,0.94,9.0,46.0,0.0,5.576,56.252,941042.558,52280.142,16728.951,269.0,16.214,926.0,321.0,1044.0,39.0,100.0,82.764,100.0,9.091,100.0,100.0,28.0,100.0,100.0,100.0,360.0
59,59_3.kt,Kotlin,11.837,2.0,48.0,0.0,14.272,236.765,10137427.044,563190.391,42816.462,723.0,4.931,2300.0,306.0,2721.0,63.0,100.0,95.528,100.0,95.522,100.0,100.0,24.0,100.0,100.0,100.0,369.0,11.626,2.0,48.0,0.0,14.07,230.373,9723720.927,540206.718,42208.679,710.0,5.147,2274.0,306.0,2678.0,62.0,100.0,95.528,100.0,95.522,100.0,100.0,24.0,100.0,100.0,100.0,368.0
64,64_1.ts,TypeScript,15.447,21.0,12.0,4.0,1.598,17.287,82864.862,4603.603,4793.528,139.0,24.656,223.0,129.0,441.0,20.0,100.0,83.308,100.0,0.722,100.0,100.0,64.0,100.0,100.0,100.0,149.0,6.174,15.0,8.0,4.0,1.238,16.857,62586.577,3477.032,3712.763,92.0,30.149,177.0,105.0,356.0,20.0,100.0,83.9,100.0,2.0,100.0,100.0,72.0,100.0,100.0,100.0,125.0
66,66_1.java,Java,0.394,0.0,23.0,0.0,2.187,32.364,212371.837,11798.435,6561.908,147.0,25.995,334.0,129.0,569.0,25.0,100.0,98.469,100.0,98.462,100.0,100.0,74.0,100.0,100.0,100.0,154.0,0.406,1.0,23.0,0.0,2.077,31.746,197849.73,10991.652,6232.266,143.0,26.279,320.0,126.0,541.0,25.0,100.0,98.7,100.0,100.0,100.0,100.0,74.0,100.0,100.0,100.0,151.0
68,68_1.java,Java,4.55,7.0,31.0,0.0,4.109,51.792,638378.987,35465.499,12325.844,218.0,19.404,640.0,173.0,971.0,28.0,100.0,85.627,100.0,18.182,100.0,100.0,58.0,100.0,100.0,100.0,201.0,0.786,2.0,31.0,0.0,4.756,63.391,904530.078,50251.671,14268.993,222.0,19.459,729.0,184.0,1111.0,32.0,100.0,97.228,100.0,95.522,100.0,100.0,58.0,100.0,100.0,100.0,216.0
69,69_1.ts,TypeScript,0.0,5.0,10.0,1.0,0.504,19.029,28774.454,1598.581,1512.171,59.0,38.435,74.0,35.0,190.0,18.0,100.0,90.6,100.0,40.0,100.0,100.0,92.0,100.0,100.0,100.0,53.0,0.0,2.0,0.0,0.0,0.002,0.5,2.377,0.132,4.755,1.0,94.99,2.0,2.0,0.0,0.0,100.0,99.328,100.0,95.522,100.0,100.0,100.0,100.0,100.0,100.0,2.0
69,69_1.ts,TypeScript,0.0,5.0,10.0,1.0,0.504,19.029,28774.454,1598.581,1512.171,59.0,38.435,74.0,35.0,190.0,18.0,100.0,90.6,100.0,40.0,100.0,100.0,92.0,100.0,100.0,100.0,53.0,0.0,2.0,0.0,0.0,0.002,0.5,2.377,0.132,4.755,1.0,94.99,2.0,2.0,0.0,0.0,100.0,99.328,100.0,95.522,100.0,100.0,100.0,100.0,100.0,100.0,2.0
70,70_1.java,Java,3.623,4.0,9.0,0.0,0.434,21.25,27642.126,1535.674,1300.806,38.0,43.195,95.0,38.0,130.0,17.0,100.0,93.807,100.0,58.716,100.0,100.0,100.0,100.0,100.0,100.0,55.0,0.0,4.0,9.0,0.0,0.397,20.542,24473.495,1359.639,1191.407,34.0,44.516,87.0,36.0,121.0,17.0,100.0,93.807,100.0,58.716,100.0,100.0,100.0,100.0,100.0,100.0,53.0
76,76_1.java,Java,0.0,0.0,24.0,0.0,2.05,35.308,217119.898,12062.217,6149.365,151.0,25.938,340.0,130.0,503.0,27.0,100.0,98.369,100.0,98.462,100.0,100.0,72.0,100.0,100.0,100.0,157.0,0.0,0.0,24.0,0.0,1.756,35.687,188047.551,10447.086,5269.364,135.0,27.469,304.0,115.0,433.0,27.0,100.0,98.369,100.0,98.462,100.0,100.0,72.0,100.0,100.0,100.0,142.0
78,78_3.java,Java,0.607,2.0,37.0,0.0,8.923,205.951,5512926.859,306273.714,26768.137,413.0,11.665,1378.0,184.0,2010.0,55.0,100.0,96.628,100.0,95.522,100.0,100.0,46.0,100.0,100.0,100.0,239.0,0.0,2.0,0.0,0.0,0.002,0.5,2.377,0.132,4.755,1.0,94.99,2.0,2.0,0.0,0.0,100.0,99.328,100.0,95.522,100.0,100.0,100.0,100.0,100.0,100.0,2.0
81,81_2.ts,TypeScript,3.937,5.0,9.0,1.0,0.639,20.543,39379.469,2187.748,1916.884,83.0,34.48,90.0,46.0,226.0,21.0,100.0,90.7,100.0,40.0,100.0,100.0,94.0,100.0,100.0,100.0,67.0,0.0,2.0,0.0,0.0,0.002,0.5,2.377,0.132,4.755,1.0,94.99,2.0,2.0,0.0,0.0,100.0,99.328,100.0,95.522,100.0,100.0,100.0,100.0,100.0,100.0,2.0
85,85_1.py,Python,6.723,4.0,5.0,0.0,2.639,60.346,477813.667,26545.204,7917.943,280.0,18.782,752.0,81.0,456.0,13.0,100.0,93.807,100.0,58.716,100.0,100.0,100.0,100.0,100.0,100.0,94.0,0.0,2.0,0.0,0.0,0.002,0.5,2.377,0.132,4.755,1.0,94.99,2.0,2.0,0.0,0.0,100.0,99.328,100.0,95.522,100.0,100.0,100.0,100.0,100.0,100.0,2.0
85,85_2.py,Python,25.329,4.0,7.0,0.0,1.747,36.886,193340.37,10741.132,5241.63,239.0,21.536,471.0,83.0,325.0,13.0,100.0,93.807,100.0,58.716,100.0,100.0,100.0,100.0,100.0,100.0,96.0,0.0,2.0,0.0,0.0,0.002,0.5,2.377,0.132,4.755,1.0,94.99,2.0,2.0,0.0,0.0,100.0,99.328,100.0,95.522,100.0,100.0,100.0,100.0,100.0,100.0,2.0
86,86_1.kt,Kotlin,8.351,0.0,16.0,0.0,1.308,43.096,169133.232,9396.291,3924.579,115.0,29.884,242.0,73.0,350.0,26.0,100.0,99.169,100.0,98.462,100.0,100.0,88.0,100.0,100.0,100.0,99.0,8.707,0.0,16.0,0.0,1.222,36.257,132917.213,7384.29,3665.979,114.0,30.174,227.0,72.0,331.0,23.0,100.0,99.169,100.0,98.462,100.0,100.0,88.0,100.0,100.0,100.0,95.0
90,90_1.py,Python,3.655,6.0,11.0,0.0,3.062,63.46,582929.768,32384.987,9185.804,242.0,19.443,621.0,137.0,626.0,28.0,100.0,88.917,100.0,26.778,100.0,100.0,98.0,100.0,100.0,100.0,165.0,0.0,2.0,0.0,0.0,0.002,0.5,2.377,0.132,4.755,1.0,94.99,2.0,2.0,0.0,0.0,100.0,99.328,100.0,95.522,100.0,100.0,100.0,100.0,100.0,100.0,2.0
90,90_1.py,Python,3.655,6.0,11.0,0.0,3.062,63.46,582929.768,32384.987,9185.804,242.0,19.443,621.0,137.0,626.0,28.0,100.0,88.917,100.0,26.778,100.0,100.0,98.0,100.0,100.0,100.0,165.0,3.663,6.0,11.0,0.0,3.037,62.847,572668.105,31814.895,9112.141,242.0,19.467,615.0,137.0,622.0,28.0,100.0,88.917,100.0,26.778,100.0,100.0,98.0,100.0,100.0,100.0,165.0
90,90_2.py,Python,7.309,8.0,7.0,0.0,5.581,60.854,1018923.795,56606.877,16743.718,360.0,13.585,1140.0,281.0,882.0,30.0,100.0,86.901,100.0,12.673,100.0,100.0,100.0,100.0,100.0,100.0,311.0,6.185,8.0,7.0,0.0,5.575,61.071,1021483.61,56749.089,16726.047,355.0,13.721,1140.0,280.0,881.0,30.0,100.0,86.901,100.0,12.673,100.0,100.0,100.0,100.0,100.0,100.0,310.0
97,97_1.py,Python,21.776,2.0,1.0,0.0,0.134,11.088,4461.518,247.862,402.365,18.0,54.111,29.0,17.0,53.0,13.0,100.0,99.328,100.0,95.522,100.0,100.0,100.0,100.0,100.0,100.0,30.0,7.184,5.0,4.0,0.0,1.591,34.392,164190.535,9121.696,4774.125,99.0,30.035,417.0,97.0,283.0,16.0,100.0,91.0,100.0,40.0,100.0,100.0,100.0,100.0,100.0,100.0,113.0
100,100_1.ts,TypeScript,0.0,3.0,4.0,0.0,0.106,9.967,3162.278,175.682,317.285,18.0,54.699,23.0,15.0,43.0,13.0,100.0,97.0,100.0,80.0,100.0,100.0,100.0,100.0,100.0,100.0,28.0,0.0,3.0,4.0,0.0,0.086,8.462,2172.567,120.698,256.758,15.0,57.07,20.0,13.0,36.0,11.0,100.0,97.0,100.0,80.0,100.0,100.0,100.0,100.0,100.0,100.0,24.0
101,101_1.java,Java,0.0,1.0,7.0,0.0,0.165,14.8,7345.429,408.079,496.313,23.0,51.285,37.0,20.0,59.0,16.0,100.0,100.0,100.0,100.0,100.0,100.0,100.0,100.0,100.0,100.0,36.0,0.0,3.0,5.0,0.0,0.181,15.375,8359.449,464.414,543.704,25.0,49.949,41.0,20.0,65.0,15.0,100.0,97.0,100.0,80.0,100.0,100.0,100.0,100.0,100.0,100.0,35.0
101,101_2.java,Java,0.0,2.0,9.0,0.0,0.212,14.0,8902.611,494.589,635.901,31.0,47.569,44.0,22.0,79.0,14.0,100.0,99.328,100.0,95.522,100.0,100.0,100.0,100.0,100.0,100.0,36.0,0.0,2.0,9.0,0.0,0.212,14.0,8902.611,494.589,635.901,31.0,47.569,44.0,22.0,79.0,14.0,100.0,99.328,100.0,95.522,100.0,100.0,100.0,100.0,100.0,100.0,36.0
108,108_1.java,Java,0.0,0.0,46.0,0.0,3.844,46.433,535485.494,29749.194,11532.537,216.0,20.635,570.0,178.0,929.0,29.0,100.0,96.169,100.0,98.462,100.0,100.0,28.0,100.0,100.0,100.0,207.0,0.676,0.0,46.0,0.0,3.407,46.055,470741.913,26152.328,10221.388,207.0,21.405,517.0,174.0,814.0,31.0,100.0,96.169,100.0,98.462,100.0,100.0,28.0,100.0,100.0,100.0,205.0
113,113_3.py,Python,4.872,45.0,6.0,0.0,6.679,78.417,1571260.911,87292.273,20037.174,382.0,7.501,1227.0,266.0,1208.0,34.0,100.0,85.011,100.0,0.072,100.0,100.0,100.0,100.0,100.0,100.0,300.0,41.199,1.0,14.0,0.0,2.77,22.27,185071.701,10281.761,8310.258,236.0,20.658,824.0,296.0,179.0,16.0,100.0,99.6,100.0,100.0,100.0,100.0,92.0,100.0,100.0,100.0,312.0
116,116_1.kt,Kotlin,6.806,2.0,22.0,0.0,0.806,23.788,57487.219,3193.734,2416.681,109.0,31.597,151.0,73.0,216.0,23.0,100.0,98.128,100.0,95.522,100.0,100.0,76.0,100.0,100.0,100.0,96.0,4.593,2.0,22.0,0.0,0.793,23.356,55547.679,3085.982,2378.288,104.0,32.091,155.0,73.0,207.0,22.0,100.0,98.128,100.0,95.522,100.0,100.0,76.0,100.0,100.0,100.0,95.0
119,119_1.go,Go,3.66,0.0,11.0,0.0,1.2,17.679,63661.499,3536.75,3601.054,104.0,31.098,231.0,98.0,297.0,15.0,100.0,99.669,100.0,98.462,100.0,100.0,98.0,100.0,100.0,100.0,113.0,0.0,0.0,9.0,0.0,0.448,12.672,17021.484,945.638,1343.192,50.0,41.035,98.0,58.0,119.0,15.0,100.0,99.769,100.0,98.462,100.0,100.0,100.0,100.0,100.0,100.0,73.0
120,120_1.py,Python,4.146,6.0,7.0,0.0,0.66,18.508,36634.625,2035.257,1979.387,58.0,37.643,135.0,62.0,179.0,17.0,100.0,89.017,100.0,26.778,100.0,100.0,100.0,100.0,100.0,100.0,79.0,0.0,2.0,0.0,0.0,0.002,0.5,2.377,0.132,4.755,1.0,94.99,2.0,2.0,0.0,0.0,100.0,99.328,100.0,95.522,100.0,100.0,100.0,100.0,100.0,100.0,2.0
122,122_1.ts,TypeScript,0.0,2.0,2.0,0.0,0.039,6.5,754.0,41.889,116.0,6.0,68.301,13.0,8.0,16.0,8.0,100.0,99.328,100.0,95.522,100.0,100.0,100.0,100.0,100.0,100.0,16.0,0.0,2.0,2.0,0.0,0.039,6.5,754.0,41.889,116.0,6.0,68.301,13.0,8.0,16.0,8.0,100.0,99.328,100.0,95.522,100.0,100.0,100.0,100.0,100.0,100.0,16.0
125,125_1.ts,TypeScript,0.0,2.0,5.0,0.0,0.17,7.75,3942.99,219.055,508.773,35.0,47.098,31.0,18.0,76.0,9.0,100.0,99.328,100.0,95.522,100.0,100.0,100.0,100.0,100.0,100.0,27.0,0.0,2.0,5.0,0.0,0.153,8.438,3879.071,215.504,459.742,32.0,48.255,30.0,16.0,69.0,9.0,100.0,99.328,100.0,95.522,100.0,100.0,100.0,100.0,100.0,100.0,25.0
125,125_3.ts,TypeScript,0.0,4.0,4.0,2.0,0.207,10.932,6784.759,376.931,620.643,28.0,48.338,37.0,22.0,84.0,13.0,100.0,93.607,100.0,58.716,100.0,100.0,96.0,100.0,100.0,100.0,35.0,0.0,4.0,4.0,2.0,0.21,10.174,6417.001,356.5,630.731,27.0,48.634,36.0,23.0,86.0,13.0,100.0,93.607,100.0,58.716,100.0,100.0,96.0,100.0,100.0,100.0,36.0
126,126_2.kt,Kotlin,0.0,0.0,28.0,0.0,0.889,24.818,66158.524,3675.474,2665.728,114.0,31.143,182.0,77.0,221.0,21.0,100.0,97.969,100.0,98.462,100.0,100.0,64.0,100.0,100.0,100.0,98.0,0.0,0.0,29.0,0.0,0.797,22.595,54042.304,3002.35,2391.788,106.0,32.162,170.0,79.0,190.0,21.0,100.0,97.869,100.0,98.462,100.0,100.0,62.0,100.0,100.0,100.0,100.0
130,130_1.ts,TypeScript,0.0,2.0,7.0,2.0,0.612,14.744,27066.99,1503.722,1835.809,51.0,39.629,93.0,41.0,226.0,13.0,100.0,98.828,100.0,95.522,100.0,100.0,90.0,100.0,100.0,100.0,54.0,0.0,2.0,11.0,0.0,0.714,16.383,35075.895,1948.661,2140.996,55.0,38.446,110.0,47.0,251.0,14.0,100.0,99.228,100.0,95.522,100.0,100.0,98.0,100.0,100.0,100.0,61.0
131,131_1.ts,TypeScript,0.0,5.0,3.0,0.0,0.22,9.444,6220.183,345.566,658.608,47.0,43.116,34.0,18.0,103.0,10.0,100.0,91.0,100.0,40.0,100.0,100.0,100.0,100.0,100.0,100.0,28.0,0.0,4.0,3.0,0.0,0.212,12.594,8014.606,445.256,636.396,43.0,44.198,31.0,16.0,100.0,13.0,100.0,93.807,100.0,58.716,100.0,100.0,100.0,100.0,100.0,100.0,29.0
131,131_2.ts,TypeScript,0.0,2.0,5.0,0.0,0.22,12.0,7936.442,440.913,661.37,22.0,50.699,44.0,22.0,86.0,12.0,100.0,99.328,100.0,95.522,100.0,100.0,100.0,100.0,100.0,100.0,34.0,0.0,5.0,5.0,0.0,0.375,19.185,21584.982,1199.166,1125.086,39.0,43.256,74.0,27.0,136.0,14.0,100.0,91.0,100.0,40.0,100.0,100.0,100.0,100.0,100.0,100.0,41.0
132,132_2.ts,TypeScript,0.262,1.0,7.0,1.0,1.653,24.083,119462.185,6636.788,4960.368,208.0,23.423,238.0,84.0,507.0,17.0,100.0,99.9,100.0,100.0,100.0,100.0,98.0,100.0,100.0,100.0,101.0,0.371,1.0,5.0,1.0,1.318,23.625,93427.288,5190.405,3954.594,155.0,26.899,189.0,68.0,428.0,17.0,100.0,100.0,100.0,100.0,100.0,100.0,100.0,100.0,100.0,100.0,85.0
132,132_2.ts,TypeScript,0.262,1.0,7.0,1.0,1.653,24.083,119462.185,6636.788,4960.368,208.0,23.423,238.0,84.0,507.0,17.0,100.0,99.9,100.0,100.0,100.0,100.0,98.0,100.0,100.0,100.0,101.0,0.661,2.0,5.0,1.0,0.507,13.946,21219.961,1178.887,1521.586,83.0,35.586,86.0,37.0,185.0,12.0,100.0,99.328,100.0,95.522,100.0,100.0,100.0,100.0,100.0,100.0,49.0
132,132_2.ts,TypeScript,0.262,1.0,7.0,1.0,1.653,24.083,119462.185,6636.788,4960.368,208.0,23.423,238.0,84.0,507.0,17.0,100.0,99.9,100.0,100.0,100.0,100.0,98.0,100.0,100.0,100.0,101.0,0.0,2.0,0.0,0.0,0.002,0.5,2.377,0.132,4.755,1.0,94.99,2.0,2.0,0.0,0.0,100.0,99.328,100.0,95.522,100.0,100.0,100.0,100.0,100.0,100.0,2.0
132,132_3.ts,TypeScript,0.602,1.0,6.0,1.0,0.658,13.875,27374.008,1520.778,1972.901,88.0,34.376,111.0,48.0,223.0,12.0,100.0,100.0,100.0,100.0,100.0,100.0,100.0,100.0,100.0,100.0,60.0,0.371,1.0,5.0,1.0,1.318,23.625,93427.288,5190.405,3954.594,155.0,26.899,189.0,68.0,428.0,17.0,100.0,100.0,100.0,100.0,100.0,100.0,100.0,100.0,100.0,100.0,85.0
132,132_3.ts,TypeScript,0.602,1.0,6.0,1.0,0.658,13.875,27374.008,1520.778,1972.901,88.0,34.376,111.0,48.0,223.0,12.0,100.0,100.0,100.0,100.0,100.0,100.0,100.0,100.0,100.0,100.0,60.0,0.661,2.0,5.0,1.0,0.507,13.946,21219.961,1178.887,1521.586,83.0,35.586,86.0,37.0,185.0,12.0,100.0,99.328,100.0,95.522,100.0,100.0,100.0,100.0,100.0,100.0,49.0
132,132_3.ts,TypeScript,0.602,1.0,6.0,1.0,0.658,13.875,27374.008,1520.778,1972.901,88.0,34.376,111.0,48.0,223.0,12.0,100.0,100.0,100.0,100.0,100.0,100.0,100.0,100.0,100.0,100.0,60.0,0.0,2.0,0.0,0.0,0.002,0.5,2.377,0.132,4.755,1.0,94.99,2.0,2.0,0.0,0.0,100.0,99.328,100.0,95.522,100.0,100.0,100.0,100.0,100.0,100.0,2.0
132,132_4.ts,TypeScript,0.273,0.0,8.0,1.0,1.81,26.884,145963.508,8109.084,5429.438,192.0,24.041,272.0,86.0,540.0,17.0,100.0,99.569,100.0,98.462,100.0,100.0,96.0,100.0,100.0,100.0,103.0,0.371,1.0,5.0,1.0,1.318,23.625,93427.288,5190.405,3954.594,155.0,26.899,189.0,68.0,428.0,17.0,100.0,100.0,100.0,100.0,100.0,100.0,100.0,100.0,100.0,100.0,85.0
132,132_4.ts,TypeScript,0.273,0.0,8.0,1.0,1.81,26.884,145963.508,8109.084,5429.438,192.0,24.041,272.0,86.0,540.0,17.0,100.0,99.569,100.0,98.462,100.0,100.0,96.0,100.0,100.0,100.0,103.0,0.661,2.0,5.0,1.0,0.507,13.946,21219.961,1178.887,1521.586,83.0,35.586,86.0,37.0,185.0,12.0,100.0,99.328,100.0,95.522,100.0,100.0,100.0,100.0,100.0,100.0,49.0
132,132_4.ts,TypeScript,0.273,0.0,8.0,1.0,1.81,26.884,145963.508,8109.084,5429.438,192.0,24.041,272.0,86.0,540.0,17.0,100.0,99.569,100.0,98.462,100.0,100.0,96.0,100.0,100.0,100.0,103.0,0.0,2.0,0.0,0.0,0.002,0.5,2.377,0.132,4.755,1.0,94.99,2.0,2.0,0.0,0.0,100.0,99.328,100.0,95.522,100.0,100.0,100.0,100.0,100.0,100.0,2.0
136,136_1.kt,Kotlin,0.293,2.0,49.0,0.0,9.398,169.652,4783404.144,265744.675,28195.406,634.0,7.446,1787.0,237.0,1677.0,45.0,100.0,95.428,100.0,95.522,100.0,100.0,22.0,100.0,100.0,100.0,282.0,0.147,2.0,49.0,0.0,9.391,164.45,4633160.984,257397.832,28173.676,629.0,7.523,1794.0,240.0,1663.0,44.0,100.0,95.428,100.0,95.522,100.0,100.0,22.0,100.0,100.0,100.0,284.0
136,136_2.kt,Kotlin,0.675,1.0,23.0,0.0,2.601,35.21,274715.957,15261.998,7802.261,227.0,21.218,530.0,143.0,533.0,19.0,100.0,98.7,100.0,100.0,100.0,100.0,74.0,100.0,100.0,100.0,162.0,0.682,1.0,23.0,0.0,2.628,33.89,267226.211,14845.901,7885.185,224.0,21.312,546.0,145.0,527.0,18.0,100.0,98.7,100.0,100.0,100.0,100.0,74.0,100.0,100.0,100.0,163.0
139,139_1.ts,TypeScript,0.0,2.0,2.0,0.0,0.239,8.0,5737.426,318.746,717.178,38.0,45.275,40.0,30.0,93.0,12.0,100.0,99.328,100.0,95.522,100.0,100.0,100.0,100.0,100.0,100.0,42.0,0.0,2.0,2.0,0.0,0.229,8.069,5533.428,307.413,685.767,36.0,45.923,39.0,29.0,89.0,12.0,100.0,99.328,100.0,95.522,100.0,100.0,100.0,100.0,100.0,100.0,41.0
139,139_2.ts,TypeScript,0.0,2.0,2.0,0.0,0.241,8.0,5792.801,321.822,724.1,45.0,43.644,36.0,27.0,101.0,12.0,100.0,99.328,100.0,95.522,100.0,100.0,100.0,100.0,100.0,100.0,39.0,0.0,2.0,2.0,0.0,0.231,8.077,5595.098,310.839,692.726,43.0,44.209,35.0,26.0,97.0,12.0,100.0,99.328,100.0,95.522,100.0,100.0,100.0,100.0,100.0,100.0,38.0
139,139_3.ts,TypeScript,0.0,2.0,3.0,0.0,0.264,8.062,6382.417,354.579,791.618,42.0,44.026,43.0,32.0,102.0,12.0,100.0,99.328,100.0,95.522,100.0,100.0,100.0,100.0,100.0,100.0,44.0,0.0,2.0,3.0,0.0,0.249,7.875,5890.044,327.225,747.942,40.0,44.661,42.0,32.0,95.0,12.0,100.0,99.328,100.0,95.522,100.0,100.0,100.0,100.0,100.0,100.0,44.0
141,141_4.java,Java,12.56,4.0,10.0,0.0,2.081,43.531,271775.723,15098.651,6243.311,168.0,24.344,397.0,114.0,480.0,25.0,100.0,93.807,100.0,58.716,100.0,100.0,100.0,100.0,100.0,100.0,139.0,12.023,4.0,10.0,0.0,2.01,43.977,265158.63,14731.035,6029.447,165.0,24.62,387.0,110.0,465.0,25.0,100.0,93.807,100.0,58.716,100.0,100.0,100.0,100.0,100.0,100.0,135.0
143,143_2.kt,Kotlin,2.212,7.0,33.0,0.0,3.096,55.518,515612.805,28645.156,9287.368,203.0,20.94,484.0,170.0,721.0,39.0,100.0,85.427,100.0,18.182,100.0,100.0,54.0,100.0,100.0,100.0,209.0,2.265,7.0,32.0,0.0,2.964,53.64,476925.253,26495.847,8891.184,198.0,21.308,463.0,164.0,698.0,38.0,100.0,85.527,100.0,18.182,100.0,100.0,56.0,100.0,100.0,100.0,202.0
145,145_1.scala,Scala,6.849,83.0,0.0,0.0,15.897,395.428,18858507.533,1047694.863,47691.37,1057.0,0.0,1566.0,299.0,3845.0,151.0,100.0,85.002,100.0,0.011,100.0,100.0,100.0,100.0,100.0,100.0,450.0,6.886,83.0,0.0,0.0,15.812,392.366,18612425.038,1034023.613,47436.414,1050.0,0.0,1559.0,298.0,3827.0,150.0,100.0,85.002,100.0,0.011,100.0,100.0,100.0,100.0,100.0,100.0,448.0
145,145_2.scala,Scala,7.824,20.0,0.0,0.0,2.209,80.806,535566.486,29753.694,6627.816,151.0,23.021,241.0,85.0,686.0,57.0,100.0,85.126,100.0,0.837,100.0,100.0,100.0,100.0,100.0,100.0,142.0,8.585,20.0,0.0,0.0,2.009,69.127,416651.311,23147.295,6027.374,142.0,23.891,225.0,83.0,628.0,51.0,100.0,85.126,100.0,0.837,100.0,100.0,100.0,100.0,100.0,100.0,134.0
146,146_1.kt,Kotlin,1.635,0.0,24.0,0.0,1.063,26.059,83132.33,4618.463,3190.108,122.0,29.955,188.0,101.0,267.0,28.0,100.0,98.369,100.0,98.462,100.0,100.0,72.0,100.0,100.0,100.0,129.0,1.64,0.0,24.0,0.0,1.056,25.921,82144.927,4563.607,3169.075,121.0,30.053,187.0,101.0,265.0,28.0,100.0,98.369,100.0,98.462,100.0,100.0,72.0,100.0,100.0,100.0,129.0
146,146_2.kt,Kotlin,0.0,2.0,4.0,0.0,1.034,39.032,121078.947,6726.608,3102.023,48.0,38.608,242.0,31.0,337.0,10.0,100.0,99.328,100.0,95.522,100.0,100.0,100.0,100.0,100.0,100.0,41.0,0.0,2.0,4.0,0.0,0.878,46.136,121569.318,6753.851,2635.0,35.0,42.096,203.0,22.0,324.0,10.0,100.0,99.328,100.0,95.522,100.0,100.0,100.0,100.0,100.0,100.0,32.0
147,147_1.kt,Kotlin,2.944,0.0,36.0,0.0,4.322,54.0,700107.266,38894.848,12964.949,360.0,15.439,714.0,238.0,887.0,36.0,100.0,97.169,100.0,98.462,100.0,100.0,48.0,100.0,100.0,100.0,274.0,2.931,0.0,36.0,0.0,4.335,60.188,782669.13,43481.618,13003.673,353.0,15.616,713.0,231.0,897.0,39.0,100.0,97.169,100.0,98.462,100.0,100.0,48.0,100.0,100.0,100.0,270.0
149,149_1.ts,TypeScript,12.156,0.0,2.0,0.0,0.273,18.0,14750.113,819.451,819.451,42.0,44.19,54.0,18.0,113.0,12.0,100.0,99.769,100.0,98.462,100.0,100.0,100.0,100.0,100.0,100.0,30.0,14.578,1.0,2.0,0.0,0.218,13.263,8673.494,481.861,653.954,35.0,46.469,42.0,19.0,90.0,12.0,100.0,100.0,100.0,100.0,100.0,100.0,100.0,100.0,100.0,100.0,31.0
149,149_2.ts,TypeScript,0.0,0.0,0.0,0.0,0.839,12.737,32054.964,1780.831,2516.712,70.0,35.938,121.0,57.0,291.0,12.0,100.0,99.769,100.0,98.462,100.0,100.0,100.0,100.0,100.0,100.0,69.0,0.0,2.0,0.0,0.0,1.02,31.091,95105.915,5283.662,3058.962,73.0,34.679,171.0,33.0,386.0,12.0,100.0,99.328,100.0,95.522,100.0,100.0,100.0,100.0,100.0,100.0,45.0
153,153_1.ts,TypeScript,1.06,2.0,6.0,1.0,0.765,27.75,63702.75,3539.042,2295.595,69.0,36.085,111.0,30.0,307.0,15.0,100.0,99.328,100.0,95.522,100.0,100.0,100.0,100.0,100.0,100.0,45.0,1.265,2.0,6.0,1.0,0.792,25.0,59418.655,3301.036,2376.746,62.0,36.993,120.0,36.0,299.0,15.0,100.0,99.328,100.0,95.522,100.0,100.0,100.0,100.0,100.0,100.0,51.0
156,156_1.java,Java,5.365,7.0,17.0,0.0,0.767,16.824,38714.882,2150.827,2301.234,86.0,33.319,143.0,68.0,217.0,16.0,100.0,87.027,100.0,18.182,100.0,100.0,86.0,100.0,100.0,100.0,84.0,5.684,7.0,17.0,0.0,0.662,15.111,30005.996,1667.0,1985.691,85.0,33.878,119.0,63.0,196.0,16.0,100.0,87.027,100.0,18.182,100.0,100.0,86.0,100.0,100.0,100.0,79.0
158,158_2.ts,TypeScript,2.602,0.0,13.0,2.0,1.563,24.686,115757.419,6430.968,4689.161,135.0,27.824,221.0,94.0,464.0,21.0,100.0,98.669,100.0,98.462,100.0,100.0,78.0,100.0,100.0,100.0,115.0,0.0,2.0,0.0,0.0,0.002,0.5,2.377,0.132,4.755,1.0,94.99,2.0,2.0,0.0,0.0,100.0,99.328,100.0,95.522,100.0,100.0,100.0,100.0,100.0,100.0,2.0
160,160_3.kt,Kotlin,9.878,0.0,12.0,0.0,0.521,18.269,28537.192,1585.4,1562.036,75.0,36.735,100.0,52.0,154.0,19.0,100.0,99.569,100.0,98.462,100.0,100.0,96.0,100.0,100.0,100.0,71.0,0.0,0.0,12.0,0.0,0.437,16.0,20958.771,1164.376,1309.923,62.0,39.074,92.0,46.0,128.0,16.0,100.0,99.569,100.0,98.462,100.0,100.0,96.0,100.0,100.0,100.0,62.0
162,162_1.java,Java,0.396,0.0,29.0,0.0,0.963,19.72,56961.156,3164.509,2888.568,106.0,31.588,154.0,82.0,278.0,21.0,100.0,97.869,100.0,98.462,100.0,100.0,62.0,100.0,100.0,100.0,103.0,0.454,1.0,29.0,0.0,0.766,18.116,41646.474,2313.693,2298.885,94.0,33.286,125.0,69.0,230.0,20.0,100.0,98.1,100.0,100.0,100.0,100.0,62.0,100.0,100.0,100.0,89.0
164,164_1.ts,TypeScript,0.0,3.0,5.0,0.0,1.16,21.846,76031.153,4223.953,3480.299,131.0,28.612,142.0,65.0,401.0,20.0,100.0,97.0,100.0,80.0,100.0,100.0,100.0,100.0,100.0,100.0,85.0,0.0,3.0,5.0,0.0,1.116,20.992,70269.261,3903.848,3347.441,128.0,28.95,137.0,62.0,391.0,19.0,100.0,97.0,100.0,80.0,100.0,100.0,100.0,100.0,100.0,100.0,81.0
165,165_1.java,Java,1.23,4.0,27.0,0.0,1.723,31.978,165293.745,9182.986,5169.035,121.0,28.027,247.0,112.0,477.0,29.0,100.0,92.107,100.0,58.716,100.0,100.0,66.0,100.0,100.0,100.0,141.0,1.256,4.0,27.0,0.0,1.652,31.528,156207.575,8678.199,4954.642,117.0,28.474,237.0,109.0,460.0,29.0,100.0,92.107,100.0,58.716,100.0,100.0,66.0,100.0,100.0,100.0,138.0
167,167_1.kt,Kotlin,0.445,11.0,25.0,0.0,2.099,40.862,257323.523,14295.751,6297.412,198.0,21.819,359.0,123.0,511.0,28.0,100.0,84.259,100.0,5.063,100.0,100.0,70.0,100.0,100.0,100.0,151.0,0.0,10.0,25.0,0.0,1.86,36.844,205620.829,11423.379,5580.81,186.0,22.913,310.0,122.0,461.0,29.0,100.0,84.505,100.0,6.702,100.0,100.0,70.0,100.0,100.0,100.0,151.0
169,169_1.java,Java,0.0,0.0,20.0,0.0,2.576,51.915,401175.9,22287.55,7727.607,148.0,25.434,473.0,123.0,596.0,27.0,100.0,98.769,100.0,98.462,100.0,100.0,80.0,100.0,100.0,100.0,150.0,0.0,0.0,17.0,0.0,2.308,52.722,365089.126,20282.729,6924.767,128.0,27.143,438.0,108.0,542.0,26.0,100.0,99.069,100.0,98.462,100.0,100.0,86.0,100.0,100.0,100.0,134.0
169,169_2.java,Java,19.279,1.0,2.0,0.0,0.253,9.848,7481.668,415.648,759.677,30.0,47.473,65.0,33.0,75.0,10.0,100.0,100.0,100.0,100.0,100.0,100.0,100.0,100.0,100.0,100.0,43.0,20.148,1.0,2.0,0.0,0.236,9.839,6957.905,386.55,707.197,29.0,48.012,61.0,31.0,71.0,10.0,100.0,100.0,100.0,100.0,100.0,100.0,100.0,100.0,100.0,100.0,41.0
174,174_1.ts,TypeScript,0.0,2.0,1.0,3.0,0.131,12.0,4730.437,262.802,394.203,23.0,51.851,24.0,14.0,58.0,14.0,100.0,99.028,100.0,95.522,100.0,100.0,94.0,100.0,100.0,100.0,28.0,0.0,2.0,0.0,0.0,0.002,0.5,2.377,0.132,4.755,1.0,94.99,2.0,2.0,0.0,0.0,100.0,99.328,100.0,95.522,100.0,100.0,100.0,100.0,100.0,100.0,2.0
177,177_1.java,Java,0.0,3.0,11.0,0.0,0.433,18.581,24146.819,1341.49,1299.516,44.0,41.944,94.0,43.0,126.0,17.0,100.0,96.9,100.0,80.0,100.0,100.0,98.0,100.0,100.0,100.0,60.0,0.0,4.0,11.0,0.0,0.246,13.034,9619.083,534.394,737.972,32.0,46.547,54.0,29.0,82.0,14.0,100.0,93.707,100.0,58.716,100.0,100.0,98.0,100.0,100.0,100.0,43.0
177,177_2.java,Java,5.701,3.0,16.0,0.0,1.772,49.733,264405.343,14689.186,5316.544,146.0,26.296,329.0,86.0,452.0,26.0,100.0,96.4,100.0,80.0,100.0,100.0,88.0,100.0,100.0,100.0,112.0,4.479,3.0,16.0,0.0,1.739,50.59,263994.171,14666.343,5218.27,144.0,26.484,323.0,83.0,448.0,26.0,100.0,96.4,100.0,80.0,100.0,100.0,88.0,100.0,100.0,100.0,109.0
178,178_2.java,Java,8.337,0.0,36.0,0.0,2.498,38.902,291515.469,16195.304,7493.679,168.0,24.327,395.0,132.0,631.0,26.0,100.0,97.169,100.0,98.462,100.0,100.0,48.0,100.0,100.0,100.0,158.0,7.222,0.0,36.0,0.0,2.263,33.413,226805.41,12600.301,6787.861,149.0,25.764,369.0,127.0,570.0,23.0,100.0,97.169,100.0,98.462,100.0,100.0,48.0,100.0,100.0,100.0,150.0
179,179_1.ts,TypeScript,0.0,2.0,0.0,0.0,1.318,12.058,47691.271,2649.515,3955.073,160.0,26.463,276.0,103.0,305.0,9.0,100.0,99.328,100.0,95.522,100.0,100.0,100.0,100.0,100.0,100.0,112.0,0.0,2.0,0.0,0.0,1.094,11.348,37249.219,2069.401,3282.498,135.0,28.639,232.0,92.0,261.0,9.0,100.0,99.328,100.0,95.522,100.0,100.0,100.0,100.0,100.0,100.0,101.0
181,181_1.ts,TypeScript,0.0,3.0,3.0,1.0,0.278,11.25,9373.369,520.743,833.188,39.0,44.438,48.0,32.0,102.0,15.0,100.0,97.0,100.0,80.0,100.0,100.0,100.0,100.0,100.0,100.0,47.0,0.0,3.0,3.0,1.0,0.26,11.0,8578.275,476.571,779.843,37.0,45.138,44.0,30.0,98.0,15.0,100.0,97.0,100.0,80.0,100.0,100.0,100.0,100.0,100.0,100.0,45.0
181,181_2.ts,TypeScript,0.478,2.0,0.0,6.0,0.28,10.6,8917.643,495.425,841.287,63.0,40.0,53.0,20.0,122.0,8.0,100.0,97.928,100.0,95.522,100.0,100.0,72.0,100.0,100.0,100.0,28.0,0.505,2.0,0.0,6.0,0.268,10.737,8627.869,479.326,803.576,61.0,40.445,51.0,19.0,118.0,8.0,100.0,97.928,100.0,95.522,100.0,100.0,72.0,100.0,100.0,100.0,27.0
183,183_2.java,Java,0.0,1.0,18.0,0.0,1.158,28.192,97936.332,5440.907,3473.932,83.0,33.21,196.0,73.0,334.0,21.0,100.0,99.2,100.0,100.0,100.0,100.0,84.0,100.0,100.0,100.0,94.0,0.0,0.0,18.0,0.0,1.317,21.531,85059.636,4725.535,3950.637,89.0,32.292,211.0,98.0,363.0,20.0,100.0,98.969,100.0,98.462,100.0,100.0,84.0,100.0,100.0,100.0,118.0
188,188_1.kt,Kotlin,0.0,1.0,16.0,0.0,2.663,61.247,489218.787,27178.821,7987.698,167.0,24.054,569.0,144.0,503.0,31.0,100.0,99.4,100.0,100.0,100.0,100.0,88.0,100.0,100.0,100.0,175.0,0.0,2.0,16.0,0.0,2.245,53.65,361341.613,20074.534,6735.165,139.0,26.177,481.0,130.0,440.0,29.0,100.0,98.728,100.0,95.522,100.0,100.0,88.0,100.0,100.0,100.0,159.0
189,189_1.ts,TypeScript,7.092,5.0,14.0,8.0,5.252,37.422,589598.237,32755.458,15755.252,485.0,11.35,593.0,206.0,1412.0,26.0,100.0,87.4,100.0,40.0,100.0,100.0,28.0,100.0,100.0,100.0,232.0,5.918,6.0,14.0,8.0,5.186,37.407,581961.261,32331.181,15557.607,478.0,11.392,587.0,204.0,1396.0,26.0,100.0,85.417,100.0,26.778,100.0,100.0,28.0,100.0,100.0,100.0,230.0
190,190_1.go,Go,1.92,18.0,11.0,0.0,4.773,36.072,516512.507,28695.139,14318.748,317.0,13.921,786.0,207.0,1045.0,19.0,100.0,85.073,100.0,1.152,100.0,100.0,98.0,100.0,100.0,100.0,226.0,1.934,19.0,11.0,0.0,4.747,35.889,511077.369,28393.187,14240.546,315.0,13.863,782.0,207.0,1039.0,19.0,100.0,85.047,100.0,0.978,100.0,100.0,98.0,100.0,100.0,100.0,226.0
190,190_1.go,Go,1.92,18.0,11.0,0.0,4.773,36.072,516512.507,28695.139,14318.748,317.0,13.921,786.0,207.0,1045.0,19.0,100.0,85.073,100.0,1.152,100.0,100.0,98.0,100.0,100.0,100.0,226.0,0.0,2.0,0.0,0.0,0.002,0.5,2.377,0.132,4.755,1.0,94.99,2.0,2.0,0.0,0.0,100.0,99.328,100.0,95.522,100.0,100.0,100.0,100.0,100.0,100.0,2.0
191,191_1.java,Java,0.0,0.0,36.0,0.0,3.307,88.69,880000.937,48888.941,9922.158,176.0,23.032,596.0,84.0,870.0,25.0,100.0,97.169,100.0,98.462,100.0,100.0,48.0,100.0,100.0,100.0,109.0,0.0,0.0,36.0,0.0,1.872,50.607,284157.379,15786.521,5614.966,116.0,28.713,327.0,84.0,501.0,26.0,100.0,97.169,100.0,98.462,100.0,100.0,48.0,100.0,100.0,100.0,110.0
191,191_2.java,Java,1.731,0.0,17.0,0.0,0.699,20.942,43899.575,2438.865,2096.215,64.0,37.343,121.0,52.0,221.0,18.0,100.0,99.069,100.0,98.462,100.0,100.0,86.0,100.0,100.0,100.0,70.0,0.0,0.0,19.0,0.0,0.522,20.93,32777.735,1820.985,1566.047,56.0,39.495,90.0,43.0,172.0,20.0,100.0,98.869,100.0,98.462,100.0,100.0,82.0,100.0,100.0,100.0,63.0
196,196_1.ts,TypeScript,3.161,4.0,5.0,0.0,0.219,20.0,13131.61,729.534,656.58,15.0,54.08,40.0,18.0,87.0,18.0,100.0,93.807,100.0,58.716,100.0,100.0,100.0,100.0,100.0,100.0,36.0,0.0,3.0,5.0,0.0,0.178,17.531,9374.061,520.781,534.706,13.0,56.195,33.0,16.0,73.0,17.0,100.0,97.0,100.0,80.0,100.0,100.0,100.0,100.0,100.0,100.0,33.0
198,198_1.py,Python,10.516,3.0,5.0,0.0,1.093,40.357,132305.16,7350.287,3278.358,83.0,33.117,226.0,70.0,273.0,25.0,100.0,97.0,100.0,80.0,100.0,100.0,100.0,100.0,100.0,100.0,95.0,10.715,2.0,5.0,0.0,1.053,37.714,119151.189,6619.51,3159.312,81.0,33.595,220.0,70.0,262.0,24.0,100.0,99.328,100.0,95.522,100.0,100.0,100.0,100.0,100.0,100.0,94.0
199,199_1.java,Java,0.0,2.0,4.0,0.0,0.41,24.722,30394.696,1688.594,1229.448,39.0,43.389,89.0,27.0,139.0,15.0,100.0,99.328,100.0,95.522,100.0,100.0,100.0,100.0,100.0,100.0,42.0,0.0,2.0,0.0,0.0,0.002,0.5,2.377,0.132,4.755,1.0,94.99,2.0,2.0,0.0,0.0,100.0,99.328,100.0,95.522,100.0,100.0,100.0,100.0,100.0,100.0,2.0
201,201_1.ts,TypeScript,3.347,2.0,7.0,0.0,0.72,14.316,30925.667,1718.093,2160.249,43.0,40.75,102.0,57.0,247.0,16.0,100.0,99.328,100.0,95.522,100.0,100.0,100.0,100.0,100.0,100.0,73.0,0.0,2.0,0.0,0.0,0.002,0.5,2.377,0.132,4.755,1.0,94.99,2.0,2.0,0.0,0.0,100.0,99.328,100.0,95.522,100.0,100.0,100.0,100.0,100.0,100.0,2.0
201,201_1.ts,TypeScript,3.347,2.0,7.0,0.0,0.72,14.316,30925.667,1718.093,2160.249,43.0,40.75,102.0,57.0,247.0,16.0,100.0,99.328,100.0,95.522,100.0,100.0,100.0,100.0,100.0,100.0,73.0,4.16,2.0,6.0,0.0,0.546,10.566,17305.522,961.418,1637.844,30.0,45.003,80.0,53.0,190.0,14.0,100.0,99.328,100.0,95.522,100.0,100.0,100.0,100.0,100.0,100.0,67.0
202,202_1.java,Java,0.0,0.0,1.0,0.0,0.099,31.2,9237.218,513.179,296.065,22.0,53.412,24.0,5.0,47.0,13.0,100.0,99.769,100.0,98.462,100.0,100.0,100.0,100.0,100.0,100.0,18.0,0.0,0.0,1.0,0.0,0.1,21.0,6272.229,348.457,298.678,20.0,54.288,21.0,7.0,47.0,14.0,100.0,99.769,100.0,98.462,100.0,100.0,100.0,100.0,100.0,100.0,21.0
207,207_1.kt,Kotlin,0.0,0.0,3.0,0.0,0.274,11.314,9311.779,517.321,823.011,50.0,42.525,72.0,35.0,77.0,11.0,100.0,99.769,100.0,98.462,100.0,100.0,100.0,100.0,100.0,100.0,46.0,0.0,0.0,3.0,0.0,0.274,11.314,9311.779,517.321,823.011,50.0,42.525,72.0,35.0,77.0,11.0,100.0,99.769,100.0,98.462,100.0,100.0,100.0,100.0,100.0,100.0,46.0
208,208_1.ts,TypeScript,5.144,0.0,2.0,0.0,3.678,53.799,593560.541,32975.586,11033.03,259.0,19.049,534.0,134.0,971.0,27.0,100.0,99.769,100.0,98.462,100.0,100.0,100.0,100.0,100.0,100.0,161.0,5.999,0.0,2.0,0.0,3.689,53.5,592164.419,32898.023,11068.494,264.0,18.858,535.0,135.0,973.0,27.0,100.0,99.769,100.0,98.462,100.0,100.0,100.0,100.0,100.0,100.0,162.0
212,212_1.kt,Kotlin,8.973,16.0,60.0,0.0,7.711,97.235,2249406.78,124967.043,23133.697,537.0,7.738,1133.0,268.0,1656.0,46.0,100.0,80.247,100.0,1.646,100.0,100.0,0.0,100.0,100.0,100.0,314.0,8.647,16.0,60.0,0.0,7.755,97.922,2278285.183,126571.399,23266.411,536.0,7.738,1141.0,268.0,1664.0,46.0,100.0,80.247,100.0,1.646,100.0,100.0,0.0,100.0,100.0,100.0,314.0
213,213_1.ts,TypeScript,25.661,1.0,3.0,0.0,0.782,24.344,57081.785,3171.21,2344.774,77.0,35.116,110.0,61.0,253.0,27.0,100.0,100.0,100.0,100.0,100.0,100.0,100.0,100.0,100.0,100.0,88.0,26.128,1.0,3.0,0.0,0.767,24.941,57378.593,3187.7,2300.603,75.0,35.423,109.0,59.0,249.0,27.0,100.0,100.0,100.0,100.0,100.0,100.0,100.0,100.0,100.0,100.0,86.0
223,223_3.java,Java,36.738,1.0,8.0,0.0,0.2,11.577,6962.105,386.784,601.378,40.0,45.459,43.0,26.0,70.0,14.0,100.0,100.0,100.0,100.0,100.0,100.0,100.0,100.0,100.0,100.0,40.0,38.3,1.0,8.0,0.0,0.172,11.261,5807.635,322.646,515.736,39.0,46.166,37.0,23.0,62.0,14.0,100.0,100.0,100.0,100.0,100.0,100.0,100.0,100.0,100.0,100.0,37.0
224,224_1.ts,TypeScript,4.167,22.0,13.0,2.0,5.844,36.57,641189.281,35621.627,17533.106,523.0,8.024,791.0,292.0,1317.0,27.0,100.0,83.994,100.0,0.627,100.0,100.0,78.0,100.0,100.0,100.0,319.0,4.229,23.0,13.0,2.0,5.749,34.772,599662.922,33314.607,17245.754,514.0,8.104,773.0,289.0,1305.0,26.0,100.0,83.982,100.0,0.548,100.0,100.0,78.0,100.0,100.0,100.0,315.0
228,228_1.go,Go,7.587,17.0,22.0,0.0,6.679,28.001,561052.852,31169.603,20036.613,355.0,11.961,1067.0,362.0,1270.0,19.0,100.0,84.005,100.0,1.37,100.0,100.0,76.0,100.0,100.0,100.0,381.0,7.054,17.0,22.0,0.0,6.253,29.637,555914.321,30884.129,18757.757,324.0,13.028,1017.0,326.0,1208.0,19.0,100.0,84.005,100.0,1.37,100.0,100.0,76.0,100.0,100.0,100.0,345.0
235,235_1.java,Java,6.097,0.0,9.0,0.0,0.309,19.339,17939.437,996.635,927.616,44.0,43.372,57.0,28.0,110.0,19.0,100.0,99.769,100.0,98.462,100.0,100.0,100.0,100.0,100.0,100.0,47.0,0.0,0.0,9.0,0.0,0.136,15.692,6391.036,355.058,407.272,27.0,50.502,24.0,13.0,59.0,17.0,100.0,99.769,100.0,98.462,100.0,100.0,100.0,100.0,100.0,100.0,30.0
238,238_1.ts,TypeScript,4.412,2.0,0.0,0.0,0.213,8.571,5477.926,304.329,639.091,50.0,43.025,36.0,21.0,93.0,10.0,100.0,99.328,100.0,95.522,100.0,100.0,100.0,100.0,100.0,100.0,31.0,4.294,2.0,0.0,0.0,0.227,8.125,5538.975,307.721,681.72,51.0,42.641,39.0,24.0,95.0,10.0,100.0,99.328,100.0,95.522,100.0,100.0,100.0,100.0,100.0,100.0,34.0
241,241_3.java,Java,2.651,22.0,104.0,0.0,12.688,99.758,3797078.916,210948.829,38063.063,703.0,2.865,1646.0,429.0,2626.0,52.0,100.0,80.094,100.0,0.627,100.0,100.0,0.0,100.0,100.0,100.0,481.0,2.67,21.0,104.0,0.0,12.563,98.848,3725485.495,206971.416,37688.848,698.0,3.097,1631.0,429.0,2599.0,52.0,100.0,80.108,100.0,0.722,100.0,100.0,0.0,100.0,100.0,100.0,481.0
243,243_2.kt,Kotlin,0.0,0.0,42.0,0.0,2.275,74.386,507573.566,28198.531,6823.513,171.0,24.444,424.0,114.0,515.0,40.0,100.0,96.569,100.0,98.462,100.0,100.0,36.0,100.0,100.0,100.0,154.0,0.0,0.0,39.0,0.0,1.911,65.52,375675.787,20870.877,5733.757,149.0,26.278,364.0,100.0,445.0,36.0,100.0,96.869,100.0,98.462,100.0,100.0,42.0,100.0,100.0,100.0,136.0
244,244_1.java,Java,21.831,0.0,18.0,0.0,0.651,25.532,49870.997,2770.611,1953.281,61.0,38.013,120.0,47.0,202.0,20.0,100.0,98.969,100.0,98.462,100.0,100.0,84.0,100.0,100.0,100.0,67.0,13.332,1.0,16.0,0.0,0.692,22.541,46817.129,2600.952,2077.019,56.0,38.502,139.0,74.0,175.0,24.0,100.0,99.4,100.0,100.0,100.0,100.0,88.0,100.0,100.0,100.0,98.0
249,249_1.ts,TypeScript,17.131,4.0,8.0,1.0,0.562,14.45,24359.313,1353.295,1685.766,47.0,40.393,102.0,60.0,167.0,17.0,100.0,93.607,100.0,58.716,100.0,100.0,96.0,100.0,100.0,100.0,77.0,13.126,4.0,8.0,1.0,0.557,14.121,23589.103,1310.506,1670.502,42.0,41.486,103.0,62.0,162.0,17.0,100.0,93.607,100.0,58.716,100.0,100.0,96.0,100.0,100.0,100.0,79.0
253,253_1.ts,TypeScript,4.214,0.0,8.0,1.0,1.377,13.354,55151.314,3063.962,4130.053,175.0,25.751,219.0,123.0,362.0,15.0,100.0,99.569,100.0,98.462,100.0,100.0,96.0,100.0,100.0,100.0,138.0,4.222,0.0,8.0,1.0,1.367,13.354,54771.614,3042.867,4101.619,174.0,25.827,219.0,123.0,358.0,15.0,100.0,99.569,100.0,98.462,100.0,100.0,96.0,100.0,100.0,100.0,138.0
254,254_1.py,Python,43.955,3.0,9.0,0.0,2.164,68.0,441482.958,24526.831,6492.396,233.0,21.261,380.0,95.0,546.0,34.0,100.0,97.0,100.0,80.0,100.0,100.0,100.0,100.0,100.0,100.0,129.0,46.253,5.0,9.0,0.0,2.292,62.0,426270.377,23681.688,6875.329,240.0,20.537,404.0,101.0,572.0,31.0,100.0,91.0,100.0,40.0,100.0,100.0,100.0,100.0,100.0,100.0,132.0
256,256_1.kt,Kotlin,0.0,3.0,1.0,0.0,0.048,8.0,1140.989,63.388,142.624,11.0,61.796,16.0,10.0,17.0,10.0,100.0,97.0,100.0,80.0,100.0,100.0,100.0,100.0,100.0,100.0,20.0,0.0,3.0,1.0,0.0,0.038,6.75,772.53,42.918,114.449,10.0,63.368,12.0,8.0,16.0,9.0,100.0,97.0,100.0,80.0,100.0,100.0,100.0,100.0,100.0,100.0,17.0
256,256_2.kt,Kotlin,0.0,0.0,25.0,0.0,1.312,29.609,116552.688,6475.149,3936.362,116.0,29.793,243.0,119.0,303.0,29.0,100.0,98.269,100.0,98.462,100.0,100.0,70.0,100.0,100.0,100.0,148.0,0.0,0.0,16.0,0.0,0.651,16.879,32950.548,1830.586,1952.212,73.0,36.313,139.0,70.0,164.0,17.0,100.0,99.169,100.0,98.462,100.0,100.0,88.0,100.0,100.0,100.0,87.0
270,270_1.ts,TypeScript,0.0,3.0,4.0,0.0,0.469,15.841,22265.74,1236.986,1405.585,55.0,39.591,82.0,44.0,155.0,17.0,100.0,97.0,100.0,80.0,100.0,100.0,100.0,100.0,100.0,100.0,61.0,0.0,2.0,0.0,0.0,0.002,0.5,2.377,0.132,4.755,1.0,94.99,2.0,2.0,0.0,0.0,100.0,99.328,100.0,95.522,100.0,100.0,100.0,100.0,100.0,100.0,2.0
272,272_1.java,Java,0.0,2.0,2.0,0.0,0.025,5.0,380.0,21.111,76.0,6.0,69.587,6.0,6.0,13.0,10.0,100.0,99.328,100.0,95.522,100.0,100.0,100.0,100.0,100.0,100.0,16.0,0.0,2.0,2.0,0.0,0.025,5.0,380.0,21.111,76.0,6.0,69.587,6.0,6.0,13.0,10.0,100.0,99.328,100.0,95.522,100.0,100.0,100.0,100.0,100.0,100.0,16.0
273,273_1.kt,Kotlin,0.0,1.0,14.0,0.0,1.792,51.64,277673.439,15426.302,5377.063,131.0,27.558,406.0,114.0,345.0,29.0,100.0,99.6,100.0,100.0,100.0,100.0,92.0,100.0,100.0,100.0,143.0,0.0,1.0,14.0,0.0,1.715,52.0,267470.94,14859.497,5143.672,133.0,27.549,404.0,101.0,332.0,26.0,100.0,99.6,100.0,100.0,100.0,100.0,92.0,100.0,100.0,100.0,127.0
282,282_1.kt,Kotlin,4.046,0.0,8.0,0.0,0.265,12.0,9549.405,530.522,795.784,50.0,42.627,51.0,34.0,90.0,16.0,100.0,99.769,100.0,98.462,100.0,100.0,100.0,100.0,100.0,100.0,50.0,5.378,0.0,7.0,0.0,0.244,10.606,7776.424,432.024,733.206,46.0,43.666,50.0,33.0,82.0,14.0,100.0,99.769,100.0,98.462,100.0,100.0,100.0,100.0,100.0,100.0,47.0
282,282_4.kt,Kotlin,10.188,12.0,47.0,0.0,4.517,54.296,735785.356,40876.964,13551.429,423.0,12.163,771.0,213.0,939.0,30.0,100.0,81.886,100.0,3.91,100.0,100.0,26.0,100.0,100.0,100.0,243.0,5.042,11.0,49.0,0.0,4.67,56.881,796876.524,44270.918,14009.603,411.0,12.469,800.0,218.0,960.0,31.0,100.0,81.859,100.0,5.063,100.0,100.0,22.0,100.0,100.0,100.0,249.0
282,282_5.kt,Kotlin,0.0,1.0,11.0,0.0,0.973,33.102,96600.798,5366.711,2918.241,129.0,29.562,157.0,83.0,267.0,35.0,100.0,99.9,100.0,100.0,100.0,100.0,98.0,100.0,100.0,100.0,118.0,0.0,1.0,9.0,0.0,0.889,31.158,83134.889,4618.605,2668.181,120.0,30.52,148.0,76.0,247.0,32.0,100.0,100.0,100.0,100.0,100.0,100.0,100.0,100.0,100.0,100.0,108.0
286,286_3.java,Java,20.241,2.0,1.0,0.0,1.309,7.56,29686.848,1649.269,3926.832,96.0,31.324,378.0,150.0,161.0,6.0,100.0,99.328,100.0,95.522,100.0,100.0,100.0,100.0,100.0,100.0,156.0,24.9,2.0,1.0,0.0,1.268,7.562,28773.279,1598.516,3805.162,96.0,31.42,368.0,146.0,157.0,6.0,100.0,99.328,100.0,95.522,100.0,100.0,100.0,100.0,100.0,100.0,152.0
288,288_1.java,Java,0.67,4.0,33.0,0.0,2.656,41.152,327912.661,18217.37,7968.382,168.0,23.602,442.0,145.0,631.0,27.0,100.0,91.507,100.0,58.716,100.0,100.0,54.0,100.0,100.0,100.0,172.0,0.691,3.0,32.0,0.0,2.554,41.763,320012.777,17778.488,7662.666,161.0,24.258,430.0,139.0,609.0,27.0,100.0,94.8,100.0,80.0,100.0,100.0,56.0,100.0,100.0,100.0,166.0
292,292_1.py,Python,7.873,66.0,10.0,0.0,7.833,112.939,2653807.007,147433.723,23497.675,449.0,2.661,1528.0,230.0,1393.0,34.0,100.0,85.003,100.0,0.023,100.0,100.0,100.0,100.0,100.0,100.0,264.0,7.378,63.0,10.0,0.0,7.616,102.92,2351516.16,130639.787,22848.0,440.0,3.341,1494.0,225.0,1362.0,31.0,100.0,85.004,100.0,0.026,100.0,100.0,100.0,100.0,100.0,100.0,256.0
294,294_1.kt,Kotlin,4.584,2.0,12.0,0.0,0.266,16.676,13308.85,739.381,798.062,40.0,44.464,63.0,34.0,77.0,18.0,100.0,99.128,100.0,95.522,100.0,100.0,96.0,100.0,100.0,100.0,52.0,4.964,2.0,9.0,0.0,0.267,14.629,11700.107,650.006,799.812,37.0,45.196,64.0,35.0,77.0,16.0,100.0,99.328,100.0,95.522,100.0,100.0,100.0,100.0,100.0,100.0,51.0
296,296_1.java,Java,0.0,0.0,23.0,0.0,1.8,31.878,172172.231,9565.124,5401.011,126.0,28.048,302.0,90.0,496.0,19.0,100.0,98.469,100.0,98.462,100.0,100.0,74.0,100.0,100.0,100.0,109.0,0.0,0.0,23.0,0.0,1.8,31.878,172172.231,9565.124,5401.011,128.0,27.899,302.0,90.0,496.0,19.0,100.0,98.469,100.0,98.462,100.0,100.0,74.0,100.0,100.0,100.0,109.0
297,297_2.java,Java,0.75,0.0,26.0,0.0,2.186,41.31,270944.686,15052.483,6558.892,147.0,25.997,347.0,105.0,587.0,25.0,100.0,98.169,100.0,98.462,100.0,100.0,68.0,100.0,100.0,100.0,130.0,0.0,0.0,26.0,0.0,2.144,41.505,267000.728,14833.374,6433.0,144.0,26.251,342.0,103.0,577.0,25.0,100.0,98.169,100.0,98.462,100.0,100.0,68.0,100.0,100.0,100.0,128.0
299,299_1.java,Java,9.382,0.0,12.0,0.0,1.734,51.723,269026.426,14945.913,5201.303,132.0,27.722,318.0,83.0,449.0,27.0,100.0,99.569,100.0,98.462,100.0,100.0,96.0,100.0,100.0,100.0,110.0,9.971,0.0,12.0,0.0,1.585,47.228,224506.352,12472.575,4753.686,127.0,28.361,287.0,79.0,421.0,26.0,100.0,99.569,100.0,98.462,100.0,100.0,96.0,100.0,100.0,100.0,105.0
302,302_1.py,Python,13.479,58.0,34.0,0.0,11.079,116.216,3862785.521,214599.196,33238.01,618.0,0.0,1948.0,352.0,1907.0,42.0,100.0,82.605,100.0,0.033,100.0,100.0,52.0,100.0,100.0,100.0,394.0,13.713,58.0,34.0,0.0,10.937,115.59,3792521.866,210695.659,32810.194,616.0,0.0,1932.0,351.0,1875.0,42.0,100.0,82.605,100.0,0.033,100.0,100.0,52.0,100.0,100.0,100.0,393.0
303,303_1.ts,TypeScript,0.0,1.0,10.0,2.0,0.885,17.286,45896.474,2549.804,2655.168,120.0,30.535,121.0,70.0,288.0,20.0,100.0,99.2,100.0,100.0,100.0,100.0,84.0,100.0,100.0,100.0,90.0,0.0,2.0,0.0,0.0,0.002,0.5,2.377,0.132,4.755,1.0,94.99,2.0,2.0,0.0,0.0,100.0,99.328,100.0,95.522,100.0,100.0,100.0,100.0,100.0,100.0,2.0
303,303_2.ts,TypeScript,1.428,1.0,10.0,2.0,0.85,17.101,43633.304,2424.072,2551.439,115.0,31.059,118.0,69.0,276.0,20.0,100.0,99.2,100.0,100.0,100.0,100.0,84.0,100.0,100.0,100.0,89.0,0.0,2.0,0.0,0.0,0.002,0.5,2.377,0.132,4.755,1.0,94.99,2.0,2.0,0.0,0.0,100.0,99.328,100.0,95.522,100.0,100.0,100.0,100.0,100.0,100.0,2.0
303,303_3.ts,TypeScript,0.0,1.0,10.0,2.0,0.861,16.306,42124.165,2340.231,2583.358,107.0,31.704,115.0,67.0,287.0,19.0,100.0,99.2,100.0,100.0,100.0,100.0,84.0,100.0,100.0,100.0,86.0,0.0,2.0,0.0,0.0,0.002,0.5,2.377,0.132,4.755,1.0,94.99,2.0,2.0,0.0,0.0,100.0,99.328,100.0,95.522,100.0,100.0,100.0,100.0,100.0,100.0,2.0
309,309_1.ts,TypeScript,5.046,149.0,29.0,26.0,18.479,56.608,3138110.129,174339.452,55435.532,1269.0,0.0,1975.0,471.0,4212.0,27.0,100.0,80.0,100.0,0.002,100.0,100.0,0.0,100.0,100.0,100.0,498.0,5.098,149.0,29.0,24.0,18.278,56.303,3087390.545,171521.697,54835.498,1265.0,0.0,1956.0,469.0,4168.0,27.0,100.0,80.0,100.0,0.002,100.0,100.0,0.0,100.0,100.0,100.0,496.0
311,311_1.kt,Kotlin,0.0,2.0,5.0,0.0,0.323,16.5,15981.75,887.875,968.591,43.0,43.19,77.0,28.0,105.0,12.0,100.0,99.328,100.0,95.522,100.0,100.0,100.0,100.0,100.0,100.0,40.0,0.0,2.0,5.0,0.0,0.315,17.646,16653.927,925.218,943.788,39.0,44.193,77.0,24.0,107.0,11.0,100.0,99.328,100.0,95.522,100.0,100.0,100.0,100.0,100.0,100.0,35.0
311,311_3.kt,Kotlin,0.0,0.0,23.0,0.0,3.147,65.657,619794.229,34433.013,9439.908,176.0,23.184,584.0,169.0,643.0,38.0,100.0,98.469,100.0,98.462,100.0,100.0,74.0,100.0,100.0,100.0,207.0,0.0,0.0,23.0,0.0,2.834,63.139,536852.219,29825.123,8502.743,167.0,23.999,529.0,155.0,592.0,37.0,100.0,98.469,100.0,98.462,100.0,100.0,74.0,100.0,100.0,100.0,192.0
312,312_1.ts,TypeScript,4.566,14.0,15.0,1.0,2.305,24.857,171914.458,9550.803,6916.099,197.0,21.179,290.0,140.0,650.0,24.0,100.0,84.469,100.0,2.462,100.0,100.0,82.0,100.0,100.0,100.0,164.0,0.0,2.0,0.0,0.0,0.002,0.5,2.377,0.132,4.755,1.0,94.99,2.0,2.0,0.0,0.0,100.0,99.328,100.0,95.522,100.0,100.0,100.0,100.0,100.0,100.0,2.0
312,312_1.ts,TypeScript,4.566,14.0,15.0,1.0,2.305,24.857,171914.458,9550.803,6916.099,197.0,21.179,290.0,140.0,650.0,24.0,100.0,84.469,100.0,2.462,100.0,100.0,82.0,100.0,100.0,100.0,164.0,0.0,2.0,0.0,0.0,0.002,0.5,2.377,0.132,4.755,1.0,94.99,2.0,2.0,0.0,0.0,100.0,99.328,100.0,95.522,100.0,100.0,100.0,100.0,100.0,100.0,2.0
312,312_1.ts,TypeScript,4.566,14.0,15.0,1.0,2.305,24.857,171914.458,9550.803,6916.099,197.0,21.179,290.0,140.0,650.0,24.0,100.0,84.469,100.0,2.462,100.0,100.0,82.0,100.0,100.0,100.0,164.0,0.0,2.0,0.0,0.0,0.002,0.5,2.377,0.132,4.755,1.0,94.99,2.0,2.0,0.0,0.0,100.0,99.328,100.0,95.522,100.0,100.0,100.0,100.0,100.0,100.0,2.0
312,312_1.ts,TypeScript,4.566,14.0,15.0,1.0,2.305,24.857,171914.458,9550.803,6916.099,197.0,21.179,290.0,140.0,650.0,24.0,100.0,84.469,100.0,2.462,100.0,100.0,82.0,100.0,100.0,100.0,164.0,5.436,10.0,16.0,1.0,2.118,24.756,157331.686,8740.649,6355.319,184.0,22.621,262.0,127.0,616.0,24.0,100.0,85.005,100.0,6.702,100.0,100.0,80.0,100.0,100.0,100.0,151.0
314,314_1.ts,TypeScript,0.0,1.0,4.0,0.0,0.285,14.062,12040.807,668.934,856.235,40.0,44.384,45.0,24.0,117.0,15.0,100.0,100.0,100.0,100.0,100.0,100.0,100.0,100.0,100.0,100.0,39.0,0.0,2.0,0.0,0.0,0.002,0.5,2.377,0.132,4.755,1.0,94.99,2.0,2.0,0.0,0.0,100.0,99.328,100.0,95.522,100.0,100.0,100.0,100.0,100.0,100.0,2.0
314,314_2.ts,TypeScript,1.145,13.0,18.0,1.0,2.602,23.605,184230.454,10235.025,7804.575,277.0,17.717,347.0,147.0,710.0,20.0,100.0,84.262,100.0,3.077,100.0,100.0,76.0,100.0,100.0,100.0,167.0,0.0,2.0,0.0,0.0,0.002,0.5,2.377,0.132,4.755,1.0,94.99,2.0,2.0,0.0,0.0,100.0,99.328,100.0,95.522,100.0,100.0,100.0,100.0,100.0,100.0,2.0
315,315_1.java,Java,5.237,0.0,43.0,0.0,8.891,54.878,1463739.58,81318.866,26672.588,504.0,10.058,1500.0,328.0,1653.0,24.0,100.0,96.469,100.0,98.462,100.0,100.0,34.0,100.0,100.0,100.0,352.0,5.476,0.0,37.0,0.0,8.01,53.135,1276875.139,70937.508,24030.797,466.0,11.118,1396.0,289.0,1506.0,22.0,100.0,97.069,100.0,98.462,100.0,100.0,46.0,100.0,100.0,100.0,311.0
315,315_2.java,Java,0.0,0.0,23.0,0.0,0.983,14.576,43001.517,2388.973,2950.064,75.0,34.802,177.0,85.0,268.0,14.0,100.0,98.469,100.0,98.462,100.0,100.0,74.0,100.0,100.0,100.0,99.0,0.0,1.0,13.0,0.0,0.316,8.662,8205.943,455.886,947.295,33.0,45.899,63.0,40.0,104.0,11.0,100.0,99.7,100.0,100.0,100.0,100.0,94.0,100.0,100.0,100.0,51.0
316,316_1.kt,Kotlin,11.002,0.0,11.0,0.0,0.419,12.188,15323.543,851.308,1257.316,60.0,39.509,90.0,48.0,122.0,13.0,100.0,99.669,100.0,98.462,100.0,100.0,98.0,100.0,100.0,100.0,61.0,10.283,1.0,11.0,0.0,0.394,11.234,13283.258,737.959,1182.411,55.0,40.386,88.0,47.0,113.0,12.0,100.0,99.9,100.0,100.0,100.0,100.0,98.0,100.0,100.0,100.0,59.0
325,325_1.kt,Kotlin,0.0,2.0,0.0,0.0,0.084,0.957,241.209,13.4,252.173,12.0,59.373,44.0,23.0,11.0,1.0,100.0,99.328,100.0,95.522,100.0,100.0,100.0,100.0,100.0,100.0,24.0,0.0,2.0,0.0,0.0,0.084,0.957,241.209,13.4,252.173,12.0,59.373,44.0,23.0,11.0,1.0,100.0,99.328,100.0,95.522,100.0,100.0,100.0,100.0,100.0,100.0,24.0
326,326_1.ts,TypeScript,5.658,2.0,14.0,0.0,1.809,18.281,99182.153,5510.12,5425.549,173.0,24.762,242.0,139.0,499.0,21.0,100.0,98.928,100.0,95.522,100.0,100.0,92.0,100.0,100.0,100.0,160.0,5.722,3.0,15.0,0.0,1.781,17.599,94020.922,5223.385,5342.525,167.0,25.009,238.0,142.0,489.0,21.0,100.0,96.5,100.0,80.0,100.0,100.0,90.0,100.0,100.0,100.0,163.0
327,327_1.java,Java,0.0,6.0,40.0,0.0,3.487,31.979,334512.787,18584.044,10460.517,212.0,20.301,520.0,187.0,836.0,23.0,100.0,86.017,100.0,26.778,100.0,100.0,40.0,100.0,100.0,100.0,210.0,0.0,7.0,40.0,0.0,3.363,32.328,326109.111,18117.173,10087.582,208.0,20.458,506.0,180.0,810.0,23.0,100.0,84.727,100.0,18.182,100.0,100.0,40.0,100.0,100.0,100.0,203.0
327,327_2.java,Java,0.0,3.0,10.0,0.0,0.22,11.143,7342.908,407.939,658.979,32.0,47.025,48.0,28.0,75.0,13.0,100.0,97.0,100.0,80.0,100.0,100.0,100.0,100.0,100.0,100.0,41.0,0.0,3.0,10.0,0.0,0.273,12.391,10139.076,563.282,818.286,31.0,46.668,61.0,32.0,88.0,13.0,100.0,97.0,100.0,80.0,100.0,100.0,100.0,100.0,100.0,100.0,45.0
327,327_3.java,Java,0.0,0.0,49.0,0.0,3.751,42.261,475514.398,26417.467,11251.884,165.0,23.261,567.0,161.0,927.0,24.0,100.0,95.869,100.0,98.462,100.0,100.0,22.0,100.0,100.0,100.0,185.0,0.0,0.0,49.0,0.0,3.391,40.845,415466.592,23081.477,10171.829,157.0,24.039,515.0,145.0,861.0,23.0,100.0,95.869,100.0,98.462,100.0,100.0,22.0,100.0,100.0,100.0,168.0
327,327_4.ts,TypeScript,22.337,2.0,0.0,0.0,0.069,2.0,414.905,23.05,207.453,21.0,54.665,16.0,16.0,32.0,4.0,100.0,99.328,100.0,95.522,100.0,100.0,100.0,100.0,100.0,100.0,20.0,23.378,2.0,0.0,0.0,0.064,2.0,382.313,21.24,191.157,20.0,55.376,15.0,15.0,30.0,4.0,100.0,99.328,100.0,95.522,100.0,100.0,100.0,100.0,100.0,100.0,19.0
329,329_1.java,Java,6.505,0.0,2.0,0.0,0.646,6.811,13192.279,732.904,1936.962,121.0,31.55,126.0,111.0,153.0,12.0,100.0,99.769,100.0,98.462,100.0,100.0,100.0,100.0,100.0,100.0,123.0,6.606,0.0,2.0,0.0,0.626,6.655,12498.766,694.376,1878.23,119.0,31.801,122.0,110.0,149.0,12.0,100.0,99.769,100.0,98.462,100.0,100.0,100.0,100.0,100.0,100.0,122.0
329,329_2.java,Java,60.628,2.0,23.0,0.0,1.843,90.146,498381.807,27687.878,5528.586,188.0,23.917,352.0,82.0,443.0,42.0,100.0,98.028,100.0,95.522,100.0,100.0,74.0,100.0,100.0,100.0,124.0,51.958,0.0,24.0,0.0,2.264,84.792,575982.586,31999.033,6792.915,205.0,22.739,407.0,108.0,529.0,45.0,100.0,98.369,100.0,98.462,100.0,100.0,72.0,100.0,100.0,100.0,153.0
336,336_1.kt,Kotlin,2.542,0.0,29.0,0.0,2.786,74.181,619917.524,34439.862,8356.86,277.0,19.258,535.0,119.0,618.0,33.0,100.0,97.869,100.0,98.462,100.0,100.0,62.0,100.0,100.0,100.0,152.0,2.586,0.0,29.0,0.0,2.713,73.544,598564.751,33253.597,8138.881,272.0,19.511,524.0,114.0,608.0,32.0,100.0,97.869,100.0,98.462,100.0,100.0,62.0,100.0,100.0,100.0,146.0
336,336_2.kt,Kotlin,0.0,2.0,10.0,0.0,1.909,33.085,189432.307,10524.017,5725.578,201.0,23.177,388.0,129.0,403.0,22.0,100.0,99.328,100.0,95.522,100.0,100.0,100.0,100.0,100.0,100.0,151.0,0.0,2.0,10.0,0.0,1.588,32.4,154401.623,8577.868,4765.482,179.0,24.833,324.0,105.0,359.0,21.0,100.0,99.328,100.0,95.522,100.0,100.0,100.0,100.0,100.0,100.0,126.0
338,338_1.java,Java,0.0,0.0,11.0,0.0,0.662,30.784,61179.729,3398.874,1987.381,59.0,38.276,129.0,44.0,201.0,21.0,100.0,99.669,100.0,98.462,100.0,100.0,98.0,100.0,100.0,100.0,65.0,0.0,0.0,14.0,0.0,0.762,41.074,93858.398,5214.355,2285.079,61.0,37.536,143.0,47.0,225.0,27.0,100.0,99.369,100.0,98.462,100.0,100.0,92.0,100.0,100.0,100.0,74.0
338,338_2.java,Java,49.383,2.0,1.0,0.0,0.025,4.667,355.353,19.742,76.147,5.0,71.308,7.0,6.0,13.0,8.0,100.0,99.328,100.0,95.522,100.0,100.0,100.0,100.0,100.0,100.0,14.0,50.314,2.0,1.0,0.0,0.022,4.8,319.718,17.762,66.608,5.0,71.715,6.0,5.0,12.0,8.0,100.0,99.328,100.0,95.522,100.0,100.0,100.0,100.0,100.0,100.0,13.0
339,339_1.java,Java,0.0,0.0,65.0,0.0,4.702,111.696,1575620.814,87534.49,14106.277,341.0,15.696,695.0,140.0,1178.0,45.0,100.0,94.769,100.0,98.462,100.0,100.0,0.0,100.0,100.0,100.0,185.0,0.231,0.0,64.0,0.0,4.531,109.907,1493979.15,82998.842,13593.103,336.0,15.949,669.0,140.0,1134.0,46.0,100.0,94.769,100.0,98.462,100.0,100.0,0.0,100.0,100.0,100.0,186.0
340,340_1.kt,Kotlin,0.0,0.0,22.0,0.0,0.997,36.903,110367.099,6131.505,2990.717,104.0,31.663,176.0,62.0,287.0,26.0,100.0,98.569,100.0,98.462,100.0,100.0,76.0,100.0,100.0,100.0,88.0,0.0,0.0,22.0,0.0,0.999,36.317,108889.355,6049.409,2998.265,103.0,31.747,176.0,63.0,287.0,26.0,100.0,98.569,100.0,98.462,100.0,100.0,76.0,100.0,100.0,100.0,89.0
340,340_2.kt,Kotlin,0.0,0.0,26.0,0.0,0.898,44.1,118787.01,6599.278,2693.583,95.0,32.839,189.0,60.0,228.0,28.0,100.0,98.169,100.0,98.462,100.0,100.0,68.0,100.0,100.0,100.0,88.0,0.0,0.0,24.0,0.0,0.917,45.305,124608.977,6922.721,2750.441,92.0,33.079,198.0,59.0,230.0,27.0,100.0,98.369,100.0,98.462,100.0,100.0,72.0,100.0,100.0,100.0,86.0
341,341_1.ts,TypeScript,0.0,2.0,13.0,4.0,2.542,31.789,242432.109,13468.45,7626.291,234.0,20.865,330.0,109.0,756.0,21.0,100.0,97.428,100.0,95.522,100.0,100.0,62.0,100.0,100.0,100.0,130.0,0.0,1.0,13.0,5.0,2.485,31.598,235564.065,13086.893,7455.0,227.0,21.356,322.0,107.0,743.0,21.0,100.0,97.7,100.0,100.0,100.0,100.0,54.0,100.0,100.0,100.0,128.0
341,341_2.ts,TypeScript,0.0,6.0,15.0,6.0,3.647,36.963,404417.107,22467.617,10941.064,337.0,15.774,457.0,136.0,1041.0,22.0,100.0,86.117,100.0,26.778,100.0,100.0,42.0,100.0,100.0,100.0,158.0,0.0,4.0,15.0,6.0,3.293,33.985,335738.736,18652.152,9879.005,306.0,17.268,414.0,134.0,942.0,22.0,100.0,90.907,100.0,58.716,100.0,100.0,42.0,100.0,100.0,100.0,156.0
343,343_1.ts,TypeScript,1.643,2.0,1.0,0.0,2.588,7.81,60641.016,3368.945,7764.192,350.0,16.996,302.0,232.0,677.0,12.0,100.0,99.328,100.0,95.522,100.0,100.0,100.0,100.0,100.0,100.0,244.0,1.644,2.0,1.0,0.0,2.581,7.818,60532.6,3362.922,7742.542,349.0,17.032,301.0,231.0,676.0,12.0,100.0,99.328,100.0,95.522,100.0,100.0,100.0,100.0,100.0,100.0,243.0
345,345_3.go,Go,27.756,2.0,2.0,0.0,1.139,22.564,77102.641,4283.48,3417.021,90.0,32.359,243.0,70.0,293.0,13.0,100.0,99.328,100.0,95.522,100.0,100.0,100.0,100.0,100.0,100.0,83.0,26.694,3.0,2.0,0.0,1.232,22.884,84557.1,4697.617,3695.102,87.0,32.307,257.0,73.0,318.0,13.0,100.0,97.0,100.0,80.0,100.0,100.0,100.0,100.0,100.0,100.0,86.0
346,346_1.kt,Kotlin,0.0,4.0,16.0,0.0,0.625,15.886,29809.055,1656.059,1876.469,59.0,37.913,139.0,70.0,153.0,16.0,100.0,93.207,100.0,58.716,100.0,100.0,88.0,100.0,100.0,100.0,86.0,0.0,6.0,16.0,0.0,0.763,18.813,43078.211,2393.234,2289.77,64.0,36.268,166.0,75.0,185.0,17.0,100.0,88.417,100.0,26.778,100.0,100.0,88.0,100.0,100.0,100.0,92.0
346,346_3.kt,Kotlin,0.0,2.0,14.0,0.0,0.989,18.508,54933.753,3051.875,2968.119,87.0,33.108,212.0,63.0,266.0,11.0,100.0,98.928,100.0,95.522,100.0,100.0,92.0,100.0,100.0,100.0,74.0,0.0,2.0,14.0,0.0,1.264,18.134,68774.295,3820.794,3792.492,102.0,30.856,270.0,67.0,337.0,9.0,100.0,98.928,100.0,95.522,100.0,100.0,92.0,100.0,100.0,100.0,76.0
352,352_1.go,Go,0.0,2.0,2.0,0.0,0.036,2.647,283.305,15.739,107.026,13.0,61.221,18.0,17.0,6.0,5.0,100.0,99.328,100.0,95.522,100.0,100.0,100.0,100.0,100.0,100.0,22.0,0.0,2.0,2.0,0.0,0.036,2.647,283.305,15.739,107.026,13.0,61.221,18.0,17.0,6.0,5.0,100.0,99.328,100.0,95.522,100.0,100.0,100.0,100.0,100.0,100.0,22.0
357,357_1.ts,TypeScript,2.127,2.0,7.0,0.0,1.921,57.969,334021.61,18556.756,5762.098,248.0,21.167,371.0,48.0,593.0,15.0,100.0,99.328,100.0,95.522,100.0,100.0,100.0,100.0,100.0,100.0,63.0,1.504,2.0,7.0,0.0,1.819,54.688,298443.719,16580.207,5457.257,234.0,21.883,350.0,48.0,563.0,15.0,100.0,99.328,100.0,95.522,100.0,100.0,100.0,100.0,100.0,100.0,63.0
359,359_1.ts,TypeScript,9.74,2.0,1.0,0.0,0.596,22.325,39924.322,2218.018,1788.323,51.0,39.708,94.0,40.0,210.0,19.0,100.0,99.328,100.0,95.522,100.0,100.0,100.0,100.0,100.0,100.0,59.0,10.161,2.0,1.0,0.0,0.578,21.613,37505.894,2083.661,1735.38,48.0,40.374,91.0,40.0,204.0,19.0,100.0,99.328,100.0,95.522,100.0,100.0,100.0,100.0,100.0,100.0,59.0
361,361_1.py,Python,5.4,7.0,6.0,0.0,2.091,38.887,243954.057,13553.003,6273.374,126.0,26.651,431.0,133.0,429.0,24.0,100.0,87.727,100.0,18.182,100.0,100.0,100.0,100.0,100.0,100.0,157.0,5.568,7.0,6.0,0.0,1.949,38.117,222836.71,12379.817,5846.134,122.0,27.171,411.0,124.0,401.0,23.0,100.0,87.727,100.0,18.182,100.0,100.0,100.0,100.0,100.0,100.0,147.0
361,361_2.py,Python,0.505,0.0,8.0,0.0,2.691,56.577,456820.19,25378.899,8074.37,264.0,19.818,628.0,111.0,520.0,20.0,100.0,99.769,100.0,98.462,100.0,100.0,100.0,100.0,100.0,100.0,131.0,0.621,0.0,8.0,0.0,2.229,49.143,328625.8,18256.989,6687.153,214.0,22.38,516.0,105.0,444.0,20.0,100.0,99.769,100.0,98.462,100.0,100.0,100.0,100.0,100.0,100.0,125.0
361,361_2.py,Python,0.505,0.0,8.0,0.0,2.691,56.577,456820.19,25378.899,8074.37,264.0,19.818,628.0,111.0,520.0,20.0,100.0,99.769,100.0,98.462,100.0,100.0,100.0,100.0,100.0,100.0,131.0,0.0,2.0,0.0,0.0,0.002,0.5,2.377,0.132,4.755,1.0,94.99,2.0,2.0,0.0,0.0,100.0,99.328,100.0,95.522,100.0,100.0,100.0,100.0,100.0,100.0,2.0
366,366_1.go,Go,0.0,0.0,9.0,0.0,0.954,17.616,50435.952,2801.997,2863.031,70.0,35.546,202.0,86.0,228.0,15.0,100.0,99.769,100.0,98.462,100.0,100.0,100.0,100.0,100.0,100.0,101.0,0.0,1.0,9.0,0.0,1.045,17.967,56330.438,3129.469,3135.211,69.0,35.272,218.0,91.0,248.0,15.0,100.0,100.0,100.0,100.0,100.0,100.0,100.0,100.0,100.0,100.0,106.0
366,366_2.go,Go,39.962,3.0,8.0,0.0,0.571,10.067,17232.84,957.38,1711.744,90.0,34.326,128.0,89.0,128.0,14.0,100.0,97.0,100.0,80.0,100.0,100.0,100.0,100.0,100.0,100.0,103.0,39.686,3.0,8.0,0.0,0.634,10.561,20096.214,1116.456,1902.83,89.0,34.11,138.0,98.0,141.0,15.0,100.0,97.0,100.0,80.0,100.0,100.0,100.0,100.0,100.0,100.0,113.0
366,366_3.go,Go,6.371,2.0,0.0,0.0,0.103,0.5,154.336,8.574,308.672,21.0,53.457,39.0,39.0,19.0,1.0,100.0,99.328,100.0,95.522,100.0,100.0,100.0,100.0,100.0,100.0,40.0,6.911,2.0,0.0,0.0,0.09,0.5,134.418,7.468,268.836,19.0,54.825,35.0,35.0,17.0,1.0,100.0,99.328,100.0,95.522,100.0,100.0,100.0,100.0,100.0,100.0,36.0
370,370_2.kt,Kotlin,0.0,2.0,19.0,0.0,1.425,25.4,108609.06,6033.837,4275.947,108.0,29.949,254.0,110.0,353.0,22.0,100.0,98.428,100.0,95.522,100.0,100.0,82.0,100.0,100.0,100.0,132.0,0.0,2.0,16.0,0.0,1.054,26.104,82523.767,4584.654,3161.358,92.0,32.387,201.0,77.0,278.0,20.0,100.0,98.728,100.0,95.522,100.0,100.0,88.0,100.0,100.0,100.0,97.0
371,371_1.ts,TypeScript,2.104,9.0,9.0,0.0,1.204,25.5,92094.194,5116.344,3611.537,149.0,26.473,153.0,78.0,386.0,26.0,100.0,86.364,100.0,9.091,100.0,100.0,100.0,100.0,100.0,100.0,104.0,0.0,2.0,0.0,0.0,0.002,0.5,2.377,0.132,4.755,1.0,94.99,2.0,2.0,0.0,0.0,100.0,99.328,100.0,95.522,100.0,100.0,100.0,100.0,100.0,100.0,2.0
371,371_1.ts,TypeScript,2.104,9.0,9.0,0.0,1.204,25.5,92094.194,5116.344,3611.537,149.0,26.473,153.0,78.0,386.0,26.0,100.0,86.364,100.0,9.091,100.0,100.0,100.0,100.0,100.0,100.0,104.0,2.288,9.0,9.0,0.0,1.097,23.947,78775.005,4376.389,3289.506,135.0,27.691,140.0,76.0,353.0,26.0,100.0,86.364,100.0,9.091,100.0,100.0,100.0,100.0,100.0,100.0,102.0
371,371_1.ts,TypeScript,2.104,9.0,9.0,0.0,1.204,25.5,92094.194,5116.344,3611.537,149.0,26.473,153.0,78.0,386.0,26.0,100.0,86.364,100.0,9.091,100.0,100.0,100.0,100.0,100.0,100.0,104.0,0.0,2.0,0.0,0.0,0.002,0.5,2.377,0.132,4.755,1.0,94.99,2.0,2.0,0.0,0.0,100.0,99.328,100.0,95.522,100.0,100.0,100.0,100.0,100.0,100.0,2.0
371,371_1.ts,TypeScript,2.104,9.0,9.0,0.0,1.204,25.5,92094.194,5116.344,3611.537,149.0,26.473,153.0,78.0,386.0,26.0,100.0,86.364,100.0,9.091,100.0,100.0,100.0,100.0,100.0,100.0,104.0,0.0,2.0,0.0,0.0,0.002,0.5,2.377,0.132,4.755,1.0,94.99,2.0,2.0,0.0,0.0,100.0,99.328,100.0,95.522,100.0,100.0,100.0,100.0,100.0,100.0,2.0
371,371_2.ts,TypeScript,2.907,0.0,6.0,1.0,1.626,27.391,133595.834,7421.991,4877.308,169.0,25.576,210.0,69.0,547.0,18.0,100.0,99.769,100.0,98.462,100.0,100.0,100.0,100.0,100.0,100.0,87.0,3.338,0.0,6.0,1.0,1.3,24.0,93576.186,5198.677,3899.008,148.0,27.514,168.0,63.0,447.0,18.0,100.0,99.769,100.0,98.462,100.0,100.0,100.0,100.0,100.0,100.0,81.0
372,372_1.java,Java,0.0,0.0,5.0,0.0,0.512,64.286,98713.943,5484.108,1535.55,84.0,35.714,108.0,21.0,170.0,25.0,100.0,99.769,100.0,98.462,100.0,100.0,100.0,100.0,100.0,100.0,46.0,0.0,0.0,5.0,0.0,0.512,64.286,98713.943,5484.108,1535.55,84.0,35.714,108.0,21.0,170.0,25.0,100.0,99.769,100.0,98.462,100.0,100.0,100.0,100.0,100.0,100.0,46.0
372,372_2.java,Java,0.0,1.0,0.0,0.0,0.031,18.0,1681.284,93.405,93.405,10.0,64.255,8.0,2.0,19.0,9.0,100.0,100.0,100.0,100.0,100.0,100.0,100.0,100.0,100.0,100.0,11.0,0.0,1.0,0.0,0.0,0.031,18.0,1681.284,93.405,93.405,10.0,64.255,8.0,2.0,19.0,9.0,100.0,100.0,100.0,100.0,100.0,100.0,100.0,100.0,100.0,100.0,11.0
372,372_3.java,Java,0.0,0.0,0.0,0.0,0.141,51.2,21589.119,1199.395,421.662,31.0,49.087,32.0,5.0,64.0,16.0,100.0,99.769,100.0,98.462,100.0,100.0,100.0,100.0,100.0,100.0,21.0,0.0,0.0,0.0,0.0,0.141,51.2,21589.119,1199.395,421.662,31.0,49.087,32.0,5.0,64.0,16.0,100.0,99.769,100.0,98.462,100.0,100.0,100.0,100.0,100.0,100.0,21.0
373,373_1.ts,TypeScript,0.0,2.0,2.0,0.0,0.212,17.447,11079.079,615.504,635.0,25.0,49.611,51.0,19.0,76.0,13.0,100.0,99.328,100.0,95.522,100.0,100.0,100.0,100.0,100.0,100.0,32.0,0.0,2.0,2.0,0.0,0.212,17.447,11079.079,615.504,635.0,25.0,49.611,51.0,19.0,76.0,13.0,100.0,99.328,100.0,95.522,100.0,100.0,100.0,100.0,100.0,100.0,32.0
373,373_2.ts,TypeScript,0.0,2.0,6.0,1.0,0.54,15.938,25817.118,1434.284,1619.898,71.0,36.875,85.0,48.0,183.0,18.0,100.0,99.328,100.0,95.522,100.0,100.0,100.0,100.0,100.0,100.0,66.0,0.0,1.0,6.0,2.0,0.53,15.48,24595.054,1366.392,1588.828,64.0,38.052,86.0,50.0,175.0,18.0,100.0,99.6,100.0,100.0,100.0,100.0,92.0,100.0,100.0,100.0,68.0
374,374_1.java,Java,0.183,0.0,32.0,0.0,3.392,37.448,381081.222,21171.179,10176.283,219.0,20.884,617.0,173.0,722.0,21.0,100.0,97.569,100.0,98.462,100.0,100.0,56.0,100.0,100.0,100.0,194.0,0.189,0.0,32.0,0.0,3.216,36.907,356051.369,19780.632,9647.21,214.0,21.266,587.0,167.0,690.0,21.0,100.0,97.569,100.0,98.462,100.0,100.0,56.0,100.0,100.0,100.0,188.0
378,378_1.java,Java,11.177,11.0,17.0,0.0,1.526,37.495,171680.314,9537.795,4578.758,115.0,27.936,232.0,99.0,419.0,32.0,100.0,85.059,100.0,5.063,100.0,100.0,86.0,100.0,100.0,100.0,131.0,11.182,11.0,17.0,0.0,1.524,37.495,171416.596,9523.144,4571.725,114.0,28.023,232.0,99.0,418.0,32.0,100.0,85.059,100.0,5.063,100.0,100.0,86.0,100.0,100.0,100.0,131.0
383,383_1.ts,TypeScript,12.362,24.0,5.0,1.0,1.848,27.212,150883.15,8382.397,5544.649,193.0,20.7,246.0,113.0,534.0,25.0,100.0,85.072,100.0,0.482,100.0,100.0,100.0,100.0,100.0,100.0,138.0,10.447,19.0,5.0,1.0,1.625,24.44,119151.681,6619.538,4875.2,168.0,23.078,222.0,109.0,469.0,24.0,100.0,85.147,100.0,0.978,100.0,100.0,100.0,100.0,100.0,100.0,133.0
394,394_1.java,Java,3.62,2.0,14.0,0.0,1.221,35.432,129787.286,7210.405,3662.952,84.0,32.801,228.0,74.0,327.0,23.0,100.0,98.928,100.0,95.522,100.0,100.0,92.0,100.0,100.0,100.0,97.0,4.015,2.0,14.0,0.0,1.032,26.455,81894.919,4549.718,3095.684,78.0,34.015,194.0,77.0,274.0,21.0,100.0,98.928,100.0,95.522,100.0,100.0,92.0,100.0,100.0,100.0,98.0
400,400_1.java,Java,0.0,2.0,6.0,0.0,0.044,9.0,1200.938,66.719,133.438,20.0,56.469,9.0,6.0,23.0,12.0,100.0,99.328,100.0,95.522,100.0,100.0,100.0,100.0,100.0,100.0,18.0,0.0,2.0,6.0,0.0,0.038,8.4,961.371,53.41,114.449,18.0,57.934,7.0,5.0,21.0,12.0,100.0,99.328,100.0,95.522,100.0,100.0,100.0,100.0,100.0,100.0,17.0
400,400_2.java,Java,0.0,1.0,15.0,0.0,1.21,49.026,178006.527,9889.251,3630.836,124.0,29.272,207.0,57.0,361.0,27.0,100.0,99.5,100.0,100.0,100.0,100.0,90.0,100.0,100.0,100.0,84.0,0.0,1.0,15.0,0.0,1.14,47.667,163027.774,9057.099,3420.163,121.0,29.686,198.0,54.0,343.0,26.0,100.0,99.5,100.0,100.0,100.0,100.0,90.0,100.0,100.0,100.0,80.0
400,400_3.java,Java,0.0,1.0,15.0,0.0,1.21,49.026,178006.527,9889.251,3630.836,125.0,29.196,207.0,57.0,361.0,27.0,100.0,99.5,100.0,100.0,100.0,100.0,90.0,100.0,100.0,100.0,84.0,0.0,1.0,15.0,0.0,1.172,48.63,170932.76,9496.264,3514.992,122.0,29.525,202.0,54.0,354.0,26.0,100.0,99.5,100.0,100.0,100.0,100.0,90.0,100.0,100.0,100.0,80.0
400,400_4.java,Java,0.0,1.0,15.0,0.0,1.21,49.026,178006.527,9889.251,3630.836,124.0,29.272,207.0,57.0,361.0,27.0,100.0,99.5,100.0,100.0,100.0,100.0,90.0,100.0,100.0,100.0,84.0,0.0,1.0,15.0,0.0,1.14,47.667,163027.774,9057.099,3420.163,121.0,29.686,198.0,54.0,343.0,26.0,100.0,99.5,100.0,100.0,100.0,100.0,90.0,100.0,100.0,100.0,80.0
400,400_5.java,Java,0.0,1.0,13.0,0.0,1.193,45.948,164480.94,9137.83,3579.698,121.0,29.548,205.0,58.0,355.0,26.0,100.0,99.7,100.0,100.0,100.0,100.0,94.0,100.0,100.0,100.0,84.0,0.0,1.0,13.0,0.0,1.148,42.797,147453.97,8191.887,3445.459,119.0,29.822,202.0,59.0,337.0,25.0,100.0,99.7,100.0,100.0,100.0,100.0,94.0,100.0,100.0,100.0,84.0
400,400_6.java,Java,0.0,1.0,15.0,0.0,1.21,49.026,178006.527,9889.251,3630.836,124.0,29.272,207.0,57.0,361.0,27.0,100.0,99.5,100.0,100.0,100.0,100.0,90.0,100.0,100.0,100.0,84.0,0.0,1.0,15.0,0.0,1.172,44.2,155370.373,8631.687,3515.167,122.0,29.525,204.0,60.0,343.0,26.0,100.0,99.5,100.0,100.0,100.0,100.0,90.0,100.0,100.0,100.0,86.0
400,400_7.java,Java,0.0,0.0,9.0,0.0,1.872,51.361,288449.362,16024.965,5616.068,135.0,27.275,294.0,83.0,531.0,29.0,100.0,99.769,100.0,98.462,100.0,100.0,100.0,100.0,100.0,100.0,112.0,0.0,0.0,9.0,0.0,1.821,49.064,268021.711,14890.095,5462.701,133.0,27.501,291.0,86.0,507.0,29.0,100.0,99.769,100.0,98.462,100.0,100.0,100.0,100.0,100.0,100.0,115.0
400,400_8.java,Java,0.0,1.0,15.0,0.0,0.508,14.694,22388.46,1243.803,1523.659,59.0,38.95,90.0,49.0,163.0,16.0,100.0,99.5,100.0,100.0,100.0,100.0,90.0,100.0,100.0,100.0,65.0,0.0,1.0,15.0,0.0,0.484,14.468,21014.59,1167.477,1452.479,57.0,39.422,85.0,47.0,158.0,16.0,100.0,99.5,100.0,100.0,100.0,100.0,90.0,100.0,100.0,100.0,63.0
401,401_2.java,Java,0.0,1.0,7.0,0.0,0.42,19.615,24713.506,1372.973,1259.904,47.0,41.682,85.0,39.0,131.0,18.0,100.0,100.0,100.0,100.0,100.0,100.0,100.0,100.0,100.0,100.0,57.0,0.0,1.0,7.0,0.0,0.407,17.231,21019.245,1167.736,1219.867,45.0,42.192,84.0,39.0,127.0,16.0,100.0,100.0,100.0,100.0,100.0,100.0,100.0,100.0,100.0,100.0,55.0
406,406_1.kts,Kotlin,6.696,21.0,25.0,0.0,8.839,54.521,1445712.852,80317.381,26516.62,626.0,5.198,1622.0,476.0,1328.0,32.0,100.0,83.608,100.0,0.722,100.0,100.0,70.0,100.0,100.0,100.0,508.0,6.751,21.0,25.0,0.0,8.777,54.461,1433942.612,79663.478,26329.769,623.0,5.265,1610.0,473.0,1322.0,32.0,100.0,83.608,100.0,0.722,100.0,100.0,70.0,100.0,100.0,100.0,505.0
408,408_1.ts,TypeScript,6.457,0.0,7.0,2.0,4.93,59.204,875632.014,48646.223,14790.156,547.0,11.075,695.0,135.0,1330.0,23.0,100.0,99.269,100.0,98.462,100.0,100.0,90.0,100.0,100.0,100.0,158.0,6.537,0.0,7.0,2.0,4.853,55.0,800797.248,44488.736,14559.95,543.0,11.193,685.0,137.0,1306.0,22.0,100.0,99.269,100.0,98.462,100.0,100.0,90.0,100.0,100.0,100.0,159.0
414,414_1.py,Python,22.903,71.0,17.0,0.0,12.144,204.95,7467032.298,414835.128,36433.401,623.0,0.0,2267.0,271.0,2111.0,49.0,100.0,84.303,100.0,0.018,100.0,100.0,86.0,100.0,100.0,100.0,320.0,22.872,73.0,17.0,0.0,12.183,205.764,7520649.375,417813.854,36549.908,623.0,0.0,2276.0,271.0,2116.0,49.0,100.0,84.303,100.0,0.017,100.0,100.0,86.0,100.0,100.0,100.0,320.0
416,416_2.kt,Kotlin,0.0,1.0,0.0,0.0,1.376,37.339,154162.947,8564.608,4128.755,136.0,28.007,251.0,121.0,315.0,36.0,100.0,100.0,100.0,100.0,100.0,100.0,100.0,100.0,100.0,100.0,157.0,0.0,1.0,0.0,0.0,1.277,35.457,135843.647,7546.869,3831.274,131.0,28.589,233.0,115.0,297.0,35.0,100.0,100.0,100.0,100.0,100.0,100.0,100.0,100.0,100.0,100.0,150.0
417,417_2.py,Python,5.164,0.0,1.0,0.0,0.46,26.684,36824.211,2045.789,1380.0,73.0,37.368,78.0,19.0,198.0,13.0,100.0,99.769,100.0,98.462,100.0,100.0,100.0,100.0,100.0,100.0,32.0,5.164,0.0,1.0,0.0,0.46,26.684,36824.211,2045.789,1380.0,73.0,37.368,78.0,19.0,198.0,13.0,100.0,99.769,100.0,98.462,100.0,100.0,100.0,100.0,100.0,100.0,32.0
426,426_1.ts,TypeScript,0.0,2.0,1.0,0.0,0.008,1.875,47.374,2.632,25.266,3.0,79.502,5.0,4.0,4.0,3.0,100.0,99.328,100.0,95.522,100.0,100.0,100.0,100.0,100.0,100.0,7.0,0.0,2.0,0.0,0.0,0.002,0.5,2.377,0.132,4.755,1.0,94.99,2.0,2.0,0.0,0.0,100.0,99.328,100.0,95.522,100.0,100.0,100.0,100.0,100.0,100.0,2.0
426,426_1.ts,TypeScript,0.0,2.0,1.0,0.0,0.008,1.875,47.374,2.632,25.266,3.0,79.502,5.0,4.0,4.0,3.0,100.0,99.328,100.0,95.522,100.0,100.0,100.0,100.0,100.0,100.0,7.0,0.0,2.0,1.0,0.0,0.008,1.875,47.374,2.632,25.266,3.0,79.502,5.0,4.0,4.0,3.0,100.0,99.328,100.0,95.522,100.0,100.0,100.0,100.0,100.0,100.0,7.0
426,426_1.ts,TypeScript,0.0,2.0,1.0,0.0,0.008,1.875,47.374,2.632,25.266,3.0,79.502,5.0,4.0,4.0,3.0,100.0,99.328,100.0,95.522,100.0,100.0,100.0,100.0,100.0,100.0,7.0,0.0,2.0,0.0,0.0,0.002,0.5,2.377,0.132,4.755,1.0,94.99,2.0,2.0,0.0,0.0,100.0,99.328,100.0,95.522,100.0,100.0,100.0,100.0,100.0,100.0,2.0
426,426_1.ts,TypeScript,0.0,2.0,1.0,0.0,0.008,1.875,47.374,2.632,25.266,3.0,79.502,5.0,4.0,4.0,3.0,100.0,99.328,100.0,95.522,100.0,100.0,100.0,100.0,100.0,100.0,7.0,0.0,2.0,1.0,0.0,0.027,2.167,178.651,9.925,82.454,7.0,67.879,13.0,9.0,10.0,3.0,100.0,99.328,100.0,95.522,100.0,100.0,100.0,100.0,100.0,100.0,12.0
426,426_1.ts,TypeScript,0.0,2.0,1.0,0.0,0.008,1.875,47.374,2.632,25.266,3.0,79.502,5.0,4.0,4.0,3.0,100.0,99.328,100.0,95.522,100.0,100.0,100.0,100.0,100.0,100.0,7.0,0.0,2.0,2.0,0.0,0.017,3.333,172.972,9.61,51.891,4.0,74.589,8.0,6.0,7.0,5.0,100.0,99.328,100.0,95.522,100.0,100.0,100.0,100.0,100.0,100.0,11.0
426,426_1.ts,TypeScript,0.0,2.0,1.0,0.0,0.008,1.875,47.374,2.632,25.266,3.0,79.502,5.0,4.0,4.0,3.0,100.0,99.328,100.0,95.522,100.0,100.0,100.0,100.0,100.0,100.0,7.0,0.0,2.0,0.0,0.0,0.002,0.5,2.377,0.132,4.755,1.0,94.99,2.0,2.0,0.0,0.0,100.0,99.328,100.0,95.522,100.0,100.0,100.0,100.0,100.0,100.0,2.0
426,426_1.ts,TypeScript,0.0,2.0,1.0,0.0,0.008,1.875,47.374,2.632,25.266,3.0,79.502,5.0,4.0,4.0,3.0,100.0,99.328,100.0,95.522,100.0,100.0,100.0,100.0,100.0,100.0,7.0,0.0,2.0,0.0,0.0,0.002,0.5,2.377,0.132,4.755,1.0,94.99,2.0,2.0,0.0,0.0,100.0,99.328,100.0,95.522,100.0,100.0,100.0,100.0,100.0,100.0,2.0
426,426_1.ts,TypeScript,0.0,2.0,1.0,0.0,0.008,1.875,47.374,2.632,25.266,3.0,79.502,5.0,4.0,4.0,3.0,100.0,99.328,100.0,95.522,100.0,100.0,100.0,100.0,100.0,100.0,7.0,0.0,2.0,2.0,0.0,0.036,5.0,536.564,29.809,107.313,8.0,65.812,16.0,8.0,13.0,5.0,100.0,99.328,100.0,95.522,100.0,100.0,100.0,100.0,100.0,100.0,13.0
426,426_1.ts,TypeScript,0.0,2.0,1.0,0.0,0.008,1.875,47.374,2.632,25.266,3.0,79.502,5.0,4.0,4.0,3.0,100.0,99.328,100.0,95.522,100.0,100.0,100.0,100.0,100.0,100.0,7.0,0.0,2.0,0.0,0.0,0.002,0.5,2.377,0.132,4.755,1.0,94.99,2.0,2.0,0.0,0.0,100.0,99.328,100.0,95.522,100.0,100.0,100.0,100.0,100.0,100.0,2.0
426,426_1.ts,TypeScript,0.0,2.0,1.0,0.0,0.008,1.875,47.374,2.632,25.266,3.0,79.502,5.0,4.0,4.0,3.0,100.0,99.328,100.0,95.522,100.0,100.0,100.0,100.0,100.0,100.0,7.0,0.0,2.0,0.0,0.0,0.002,0.5,2.377,0.132,4.755,1.0,94.99,2.0,2.0,0.0,0.0,100.0,99.328,100.0,95.522,100.0,100.0,100.0,100.0,100.0,100.0,2.0
426,426_2.ts,TypeScript,0.0,2.0,1.0,0.0,0.008,1.875,47.374,2.632,25.266,3.0,79.502,5.0,4.0,4.0,3.0,100.0,99.328,100.0,95.522,100.0,100.0,100.0,100.0,100.0,100.0,7.0,0.0,2.0,0.0,0.0,0.002,0.5,2.377,0.132,4.755,1.0,94.99,2.0,2.0,0.0,0.0,100.0,99.328,100.0,95.522,100.0,100.0,100.0,100.0,100.0,100.0,2.0
426,426_2.ts,TypeScript,0.0,2.0,1.0,0.0,0.008,1.875,47.374,2.632,25.266,3.0,79.502,5.0,4.0,4.0,3.0,100.0,99.328,100.0,95.522,100.0,100.0,100.0,100.0,100.0,100.0,7.0,0.0,2.0,1.0,0.0,0.008,1.875,47.374,2.632,25.266,3.0,79.502,5.0,4.0,4.0,3.0,100.0,99.328,100.0,95.522,100.0,100.0,100.0,100.0,100.0,100.0,7.0
426,426_2.ts,TypeScript,0.0,2.0,1.0,0.0,0.008,1.875,47.374,2.632,25.266,3.0,79.502,5.0,4.0,4.0,3.0,100.0,99.328,100.0,95.522,100.0,100.0,100.0,100.0,100.0,100.0,7.0,0.0,2.0,0.0,0.0,0.002,0.5,2.377,0.132,4.755,1.0,94.99,2.0,2.0,0.0,0.0,100.0,99.328,100.0,95.522,100.0,100.0,100.0,100.0,100.0,100.0,2.0
426,426_2.ts,TypeScript,0.0,2.0,1.0,0.0,0.008,1.875,47.374,2.632,25.266,3.0,79.502,5.0,4.0,4.0,3.0,100.0,99.328,100.0,95.522,100.0,100.0,100.0,100.0,100.0,100.0,7.0,0.0,2.0,1.0,0.0,0.027,2.167,178.651,9.925,82.454,7.0,67.879,13.0,9.0,10.0,3.0,100.0,99.328,100.0,95.522,100.0,100.0,100.0,100.0,100.0,100.0,12.0
426,426_2.ts,TypeScript,0.0,2.0,1.0,0.0,0.008,1.875,47.374,2.632,25.266,3.0,79.502,5.0,4.0,4.0,3.0,100.0,99.328,100.0,95.522,100.0,100.0,100.0,100.0,100.0,100.0,7.0,0.0,2.0,2.0,0.0,0.017,3.333,172.972,9.61,51.891,4.0,74.589,8.0,6.0,7.0,5.0,100.0,99.328,100.0,95.522,100.0,100.0,100.0,100.0,100.0,100.0,11.0
426,426_2.ts,TypeScript,0.0,2.0,1.0,0.0,0.008,1.875,47.374,2.632,25.266,3.0,79.502,5.0,4.0,4.0,3.0,100.0,99.328,100.0,95.522,100.0,100.0,100.0,100.0,100.0,100.0,7.0,0.0,2.0,0.0,0.0,0.002,0.5,2.377,0.132,4.755,1.0,94.99,2.0,2.0,0.0,0.0,100.0,99.328,100.0,95.522,100.0,100.0,100.0,100.0,100.0,100.0,2.0
426,426_2.ts,TypeScript,0.0,2.0,1.0,0.0,0.008,1.875,47.374,2.632,25.266,3.0,79.502,5.0,4.0,4.0,3.0,100.0,99.328,100.0,95.522,100.0,100.0,100.0,100.0,100.0,100.0,7.0,0.0,2.0,0.0,0.0,0.002,0.5,2.377,0.132,4.755,1.0,94.99,2.0,2.0,0.0,0.0,100.0,99.328,100.0,95.522,100.0,100.0,100.0,100.0,100.0,100.0,2.0
426,426_2.ts,TypeScript,0.0,2.0,1.0,0.0,0.008,1.875,47.374,2.632,25.266,3.0,79.502,5.0,4.0,4.0,3.0,100.0,99.328,100.0,95.522,100.0,100.0,100.0,100.0,100.0,100.0,7.0,0.0,2.0,2.0,0.0,0.036,5.0,536.564,29.809,107.313,8.0,65.812,16.0,8.0,13.0,5.0,100.0,99.328,100.0,95.522,100.0,100.0,100.0,100.0,100.0,100.0,13.0
426,426_2.ts,TypeScript,0.0,2.0,1.0,0.0,0.008,1.875,47.374,2.632,25.266,3.0,79.502,5.0,4.0,4.0,3.0,100.0,99.328,100.0,95.522,100.0,100.0,100.0,100.0,100.0,100.0,7.0,0.0,2.0,0.0,0.0,0.002,0.5,2.377,0.132,4.755,1.0,94.99,2.0,2.0,0.0,0.0,100.0,99.328,100.0,95.522,100.0,100.0,100.0,100.0,100.0,100.0,2.0
426,426_2.ts,TypeScript,0.0,2.0,1.0,0.0,0.008,1.875,47.374,2.632,25.266,3.0,79.502,5.0,4.0,4.0,3.0,100.0,99.328,100.0,95.522,100.0,100.0,100.0,100.0,100.0,100.0,7.0,0.0,2.0,0.0,0.0,0.002,0.5,2.377,0.132,4.755,1.0,94.99,2.0,2.0,0.0,0.0,100.0,99.328,100.0,95.522,100.0,100.0,100.0,100.0,100.0,100.0,2.0
426,426_3.ts,TypeScript,0.0,3.0,3.0,1.0,0.198,12.808,7621.577,423.421,595.078,19.0,52.274,37.0,26.0,72.0,18.0,100.0,97.0,100.0,80.0,100.0,100.0,100.0,100.0,100.0,100.0,44.0,0.0,2.0,3.0,1.0,0.178,12.75,6806.453,378.136,533.839,20.0,52.253,34.0,24.0,65.0,18.0,100.0,99.328,100.0,95.522,100.0,100.0,100.0,100.0,100.0,100.0,42.0
428,428_1.kt,Kotlin,8.167,0.0,8.0,0.0,0.681,32.394,66182.502,3676.806,2043.072,70.0,36.572,105.0,47.0,222.0,29.0,100.0,99.769,100.0,98.462,100.0,100.0,100.0,100.0,100.0,100.0,76.0,8.986,1.0,8.0,0.0,0.621,32.727,60965.542,3386.975,1862.836,60.0,38.179,96.0,44.0,204.0,30.0,100.0,100.0,100.0,100.0,100.0,100.0,100.0,100.0,100.0,100.0,74.0
430,430_1.java,Java,0.0,0.0,46.0,0.0,7.21,92.332,1997175.177,110954.176,21630.338,370.0,13.623,1112.0,277.0,1483.0,46.0,100.0,96.169,100.0,98.462,100.0,100.0,28.0,100.0,100.0,100.0,323.0,0.0,0.0,43.0,0.0,6.324,85.398,1620073.683,90004.094,18970.862,351.0,14.522,993.0,250.0,1322.0,43.0,100.0,96.469,100.0,98.462,100.0,100.0,34.0,100.0,100.0,100.0,293.0
430,430_2.java,Java,2.07,1.0,12.0,0.0,0.505,16.941,25664.427,1425.801,1514.914,50.0,40.535,96.0,51.0,152.0,18.0,100.0,99.8,100.0,100.0,100.0,100.0,96.0,100.0,100.0,100.0,69.0,2.632,1.0,13.0,0.0,0.297,11.25,10018.921,556.607,890.571,38.0,44.751,54.0,36.0,103.0,15.0,100.0,99.7,100.0,100.0,100.0,100.0,94.0,100.0,100.0,100.0,51.0
430,430_3.java,Java,4.296,2.0,6.0,0.0,0.104,15.556,4836.39,268.688,310.911,22.0,52.994,14.0,9.0,50.0,20.0,100.0,99.328,100.0,95.522,100.0,100.0,100.0,100.0,100.0,100.0,29.0,0.0,2.0,6.0,0.0,0.061,10.5,1905.97,105.887,181.521,15.0,58.259,9.0,6.0,33.0,14.0,100.0,99.328,100.0,95.522,100.0,100.0,100.0,100.0,100.0,100.0,20.0
